1000,admin@gmail.com,123,Willie,Gneiser,617576394,omkvpqhgntqdwbytemztsjynmxtjmr
1001,lcvjvbhisz@gmail.com,vxvkdoiaqpwdnc,Jason,Thomson,337571151,ytujqtxhetcwmitbxgmftfzwbkzdncqmp
1002,fmjivp@gmail.com,mxvczxuzifugi,Roosevelt,Stohlton,4408177,orkdutfomvdnqrrisynkzmkrjficcpvhfaoncg
1003,eafvdvdrfz@gmail.com,xepatfqatibtizc,Craig,Vigue,609310052,apufobuvpuvxylrnwjugdyfqienjjbevo
1004,mzyzcfoy@gmail.com,jazjckjae,Annabelle,Ewing,669684549,fxyjhqwznvrxlkcjshbccjjzn
1005,ronxzt@gmail.com,rczdewqluk,Andrew,Green,654702802,wjzxyiwalixlwwcsaklhgmwndwiftnzqqzzcr
1006,prztjhd@gmail.com,eqkrdwmqhc,Irene,Crowley,315957302,ocojbeshaullxvsnpdkpuocmgjzqfhgbokcyvm
1007,lvkwy@gmail.com,kezeipsupo,Kayla,Sirmans,538719426,ztxuhaqvtcypjmkpawwimzqitd
1008,okvrr@gmail.com,kahtvxzdo,Jerry,Flournoy,334898005,bkiagwwnrisfnbxygbwzil
1009,cveczs@gmail.com,xpjpngnpdkcpmigr,Glen,Galbo,734006443,klsvstgvfkfwmgbxhiovgcdj
1010,vxihozg@gmail.com,jkcipptungaahqj,Jose,Gonzalez,967225903,afxpuyqzckogaxglpetrn
1011,linblcu@gmail.com,palhwunhpqctam,Brooke,Hamm,603280819,ntxdhdllkeuigfacvqmtdripfxbjnyujfpc
1012,xvwyljjtr@gmail.com,nueyhrykdeu,Warren,Bierlein,388457463,iypwqokfrdymznvnzdposjgbsrldwqotbo
1013,cklazc@gmail.com,bkraabcv,Jon,Fitch,320731684,whqvrzuntjsfkegozjnjdznwyub
1014,userxttlcf@gmail.com,boguuicqmffsskd,Mark,Cardero,244093632,pokiodoxxtdwkmhujxanqyaxehvagdaylwh
1015,eoocttlfy@gmail.com,rvibggpq,Joel,Campos,806181342,zkeyrweecgkzwylgilxnl
1016,khmpxgz@gmail.com,owhywrvfqxe,Gale,Hickerson,781735904,axdkoemydovpjquygyhiytoueyx
1017,txztnxcr@gmail.com,inpbkkqgcfdt,Misty,Bradbury,671298615,vqvabivwasrgxwkcoyrfjwtanookiqgigz
1018,afckdbv@gmail.com,adlzzbrzu,Reginald,Reese,215493069,rbzdawqfcbxlqqoxmhqfizrtkmurveh
1019,dbcazdabro@gmail.com,rcivspmcppvihup,Lavern,Proudfoot,841691100,zjkpnkvmpwrsazbcnqgrfds
1020,tvazgttq@gmail.com,swtxrgptdvlq,Tara,Harris,36877957,airvxomzdevtbqezzcao
1021,txmrverlru@gmail.com,soefvbqofjnpav,Debby,Glenn,920218972,dauugsindyusgfxgotbdnwuyo
1022,qailwdduux@gmail.com,lpoqgqgcrnysv,Daisey,Abraham,950160898,gpsvfajuhbucbkfwakskmycczqdqkf
1023,yyqzer@gmail.com,ijmmfbgtrdsjgjzu,Gary,Johnson,618908261,firjzoxcsthfxghsrioapwwconlgvwdkqsfz
1024,ptisul@gmail.com,pluonpaxryzbqz,In,Turner,215796571,fepydkhzpkezxfdkzmfg
1025,snkxd@gmail.com,aqykoznwpwpsrg,Kim,Lyon,268116426,acbqpyovpoxhzoakrpulm
1026,kfbczirghu@gmail.com,piaoquyeary,Emmett,Griner,69587743,tjixxlmkltbzmjdmratz
1027,hmlavxw@gmail.com,gvevdltl,Jason,Viera,165208289,cttoqchsyqoevkkubkkxosuvjbdpuzuxarb
1028,kownitpsq@gmail.com,gkppmrqawab,Kristie,Murphy,667598251,dxgvoljpmorlucykcjzvwscoei
1029,vbsod@gmail.com,vpiuviguyqcc,Enrique,Moore,407921633,yutjqucwieztsysqmzxmxicjblxqzikq
1030,sjiohmnycb@gmail.com,ywyawdwxkgigb,Joseph,Jones,42418421,nvmsagxamqkoxphxeetyacazseiruwtablydpcu
1031,nlhozwps@gmail.com,hruxdhoznkqgtyj,Harry,Kelley,340636535,mimrdmutqzpyhuyznezllgmd
1032,dafxftbz@gmail.com,wgikmsisbwc,Neil,Lindauer,909131621,twfftmppjhpcauoowpisfluidqygoslulwlbhxql
1033,flxdhkc@gmail.com,hfekjdrqsbumle,Lilly,Francis,154373503,jsggawookxukwuwalpmlwialbuacdlchpdmke
1034,vvopyef@gmail.com,afeozueovgkaj,Diana,Harbert,808729175,tfrwktpjadrrnrexclilcezcqffmofqkfrox
1035,cpehvaool@gmail.com,blopqswn,Anna,Andrus,497341766,sqjyesjectxfeyxsesvwuooqagu
1036,omkitdq@gmail.com,iytzxwevuqqjf,Colene,Joyal,117989032,ouvtmxdxezemcwinrupsgypposjubtxcft
1037,tbcwpwqjeg@gmail.com,rarozqfbo,Perry,Sharp,262907586,tpbstnakskzjskfwfcwugqqsuxustkhcz
1038,pfvdtdx@gmail.com,pghmcgflgqchn,Carol,Estes,928122524,ldncngysqllsmlerbjphi
1039,zkmslmkv@gmail.com,mytxrdxygotf,Christie,Nicholson,22536274,cgasfmxgxizurlfomobnpaqsymtwf
1040,osljgmi@gmail.com,jfmmocpluv,Michele,Little,840542940,ytmfwnpdceigfuwcbikbijcqah
1041,zvwwsjuxw@gmail.com,cygzxugptwwi,Andrea,Gleim,55942072,rsrtouhnupsrplqknnin
1042,qdgfmq@gmail.com,vhvzyzzdujgmkm,Jeremy,Thomas,758516640,btdmrbceqhnduvouxlzmpksddusekedhydkxbtat
1043,wtvaljtsw@gmail.com,fgvnfmysbm,Blanca,Swinney,784903424,scgzkvtodwngcqxuvcvelpg
1044,lmqkxaffh@gmail.com,ftwxstsq,Barbara,Dobson,31818950,qcqlwycayfrkirphppglrybogtfp
1045,mxcgcd@gmail.com,pxbsvxsn,Ronald,Alvarez,119766820,yuprubnqaymulaikoveywajsqhlrpmglkok
1046,vneovrx@gmail.com,omcyboxtuuazxecs,Fernando,Carsey,81751682,gwpfmbigrwetslswneryvuugnafhjfpoxi
1047,vnwlixgo@gmail.com,qvntfdgne,Carol,Jackson,661146736,qwcsnafbbrgsvhvycnbctgmmphyvbw
1048,szwzd@gmail.com,ssphnimgpmpepfz,Ronald,Colucci,636291692,rifhqqkyajiidnkgajuypimunivtdtiqvokka
1049,ftxqx@gmail.com,sqcsfmfc,Ryan,Roman,902753634,pwjguwlmetcfeylknrxm
1050,sznwlltgv@gmail.com,vdijcqpzknjcalg,Herman,Manheim,351452381,ljctvyrxiimxepepyashjbjnsxabfhgd
1051,bnkfaoe@gmail.com,ljnasuccgcoxks,Anderson,Luera,309961257,npdoilyybmbeykqdlpigouiz
1052,kkxcy@gmail.com,fvgozzsp,Blanche,Ashworth,122897896,mnilunymtmxuukiztxzrqgpcbianuujp
1053,bhmewih@gmail.com,owdbbggn,Patricia,Bennett,107666479,fseplibwkizxkyoulvpwcnmhhqrieubntnbk
1054,svoiy@gmail.com,kivcbjlvgtldwead,Jerry,Pace,513462795,nrobjncvolbwvwnbpcpdkxzzbdqycgd
1055,yxbxranyy@gmail.com,nlqqskxcy,William,Dempsey,376253155,pgzhffdkzcrhadjpelqkgeffsdnpshzabz
1056,wsnfliyhqz@gmail.com,hqkxnkejmenoqhgt,Dorothy,Parnell,577971617,zbnptkcaiatcsnvyxrxrusmw
1057,mvtcf@gmail.com,ryfuvtgcg,Cheryl,Johnson,408471969,uklnmdqnbcaquifigarfxuerqhdaavbgmx
1058,pvhoz@gmail.com,cccyvyarjlws,Lisa,Tucker,423236075,sumcptoybribdiomsczwoynizwcuobyybm
1059,hqvitswb@gmail.com,lzyoauqddhr,Mary,Matthews,214728128,oqzbvqijfipmdwxjuodmtvzeuuzxaqof
1060,femrcxhxs@gmail.com,nvqexwbwd,Debbie,Peeler,243875558,zqxkigjkmwjerbumienqepqc
1061,kgsddqtp@gmail.com,fewirmjnk,Eric,Holt,228158792,ngdeoiazgudgnbkidsxuzkgdarldcwtpbtxw
1062,hjbmejlmp@gmail.com,opjpsjdccqr,Maryann,Andrews,851539087,etgeimclquumnovxxsbtrbxcpvnrwcasmwjhqk
1063,rbahphhn@gmail.com,wqepimhul,Danielle,Englert,747367762,syaiwxyycczbsuwoduppcfysavtcfnqgsjphsg
1064,zwppknzdz@gmail.com,nsscqsmfjpbco,Donna,Wilson,695968122,rywxyskwzvfshuxemagztpqjabunvvyoti
1065,mipzif@gmail.com,ydrcawcmikpmmkvv,Devorah,Grotts,26534393,gfifjvgggepeujkptkjnjyc
1066,fxrdjjy@gmail.com,essbbuslq,Lawrence,Gross,250960197,bldqnsbsdeaugawxngogprbxvrncxtvyiue
1067,wgeafesayo@gmail.com,gzxhhznoan,Ruby,Francis,154532486,wmccokldwkygsnkoslebwa
1068,qbnawd@gmail.com,aeuzydooce,Kenneth,Sauls,242594293,huiguvwfqqjlkfboqzchjypkmomjmbm
1069,dtbsycpi@gmail.com,lpibebqxutc,Dora,Tower,166704901,krwvqtywgikwccwdsxhskdckwedgesfdwsa
1070,ibfmyxmwzx@gmail.com,avcyyurxdf,Ethel,Dotson,664584650,lolowwetikzncozbcrdcyvxcrnvwzte
1071,kepxvn@gmail.com,nbxnbopsjzvrxp,Connie,Hungate,128501353,wyzdngtntacyogjlyyljoq
1072,bbkfb@gmail.com,hkxtwfzyw,Junior,Douglas,790916902,yxpmvqimasebpuvinksvjekkzmsmuobfjkaxcuxn
1073,oumiukww@gmail.com,hylyhssdtamwnja,Alison,Wilson,898353284,vazorrwbcjatzkcdinjldqxssdfkap
1074,wrdclll@gmail.com,kieakrpa,Austin,Cornejo,308333058,uvgrjvgdbowymedbdvgqqjgwbml
1075,wlbiasn@gmail.com,szmcfpptd,Shelly,Haugh,59657737,vtfeupaneqxhyaujwwltpkppeyjic
1076,ijyoaxj@gmail.com,mvlkkozsccamb,Michael,Dingle,701764263,ljkcivmrloofmqkxpygippvbpv
1077,xamihq@gmail.com,ykdurxbjbu,Ian,Gonzalez,550532263,qapjgoxeigvirbbwnjjnomesqno
1078,cidysrui@gmail.com,lypemvmj,Kari,Sanders,392370791,dfekgkhchuvihwmpzzlmpo
1079,ruahog@gmail.com,yohiftxemalat,Tyler,Myers,517041868,hwyvjdvamwlfstkmjpfysonzlinkiinazak
1080,pgdetl@gmail.com,jjxkgzhhppckpl,Belinda,Richardson,914674696,kddgmnuhaywaomhjaxmflrixkcsqfatej
1081,efrppw@gmail.com,cnxbjrvtahrpot,Tanya,Schoen,913278379,umvicwxhjuynuaibkutqfvxfyisyvgty
1082,tkobrhofoj@gmail.com,fgytxnymiizp,Laura,Garcia,230085748,zzivcklkbbveylhlipsjftqkvas
1083,wwclowoz@gmail.com,qpqfreiaevodw,Lola,Jones,484532309,pfuspjxbmnwuexyhqyzs
1084,otsfpyuf@gmail.com,qawzbdxzlo,Elbert,Jameson,209844390,rkrlrwuaiaywirrrdmlyzrlpiz
1085,ryepysx@gmail.com,xnuklvoqulwzqhbk,Gladys,Burford,913472772,ccotgezrrbxyoitfnsmawhxittgazkri
1086,eqzcoq@gmail.com,ovryjhrgfk,Belinda,Floyd,924711686,dlundpexpcnlvvijvnrmeyhryuumykivgblylrc
1087,zpnndxqu@gmail.com,nohyzhvizabm,Sybil,Mays,910877540,zatkpepixxprninueruoijbo
1088,dggzh@gmail.com,kkeeozujsvju,Mary,Nicholson,393434503,tiwzhcbvqsgjneesweqrunsjibvbco
1089,cmmyj@gmail.com,bbdgijajfaida,Leland,Dixon,466324177,fuhtwxwnygbfkczfundzxzenhirwcmkzpagmtj
1090,cvbcstn@gmail.com,stbrnpltefevwlhh,Thanh,Rountree,791883199,sbfoflzhnkoflmajiritmsqnykzwcnictnhd
1091,ebfifud@gmail.com,iirdjesto,Rita,Lee,981816232,sewumlxuisifbmlbfllepviiid
1092,mxvtazpj@gmail.com,rgtvojchwbt,Jaime,Gonzales,234403787,knufxyaldbzsgwnboznz
1093,dbsbsylcq@gmail.com,fnasqmlzomwrwkkh,Amber,Russo,771551753,gpudberjvgntcmbhsxfgcelvyaghmawqfynhys
1094,lxrdh@gmail.com,nlumnpbpgykkrz,Isaac,Fassett,24705883,wjaybdewwwkpyyaqtyalt
1095,msvsevi@gmail.com,izlaiksxdvw,Walter,Parks,243811273,apeiljkwrhjwufarcxyqrewuwaun
1096,umsmoatssv@gmail.com,replynyqbzopdk,Kimberly,Runion,623056472,nhimnwyiskqvhkjhzpbqnvfkutg
1097,iakiiovm@gmail.com,pacxvmgpeke,Nicole,Sanderfer,311721857,rqmcfiyhmelhdpcxjkdjcltbwdvufkhavj
1098,gcjnqqgmvf@gmail.com,zkymrmepdja,Dan,Doyon,907333654,wgamehsjlkwthkqgblaeyejkmr
1099,fwfckvbfr@gmail.com,otxhpcdkmyo,Sharon,Boyte,917079609,lnxjtevkystfdwhuqwfplqutxnlsgwtzrbaoqvv
1100,dspplr@gmail.com,byxgjuufcztlwdu,Adrian,Mace,31995573,kpvtritvppebrjngrtdnsmasxuemibmjdvfkuu
1101,tbxqqkffvx@gmail.com,gfeksbnspflzxzbx,James,Buzzell,709341526,sfxszconcdrmthjimmlbkujtpjqqjmxla
1102,klnxwccun@gmail.com,xsbchrpduwnrl,James,Gaskin,845778947,vnxssyxolysxwhawxpwljbreqe
1103,mgbkwiprnv@gmail.com,wsmamgycneh,Natalie,Stinson,846079816,tbxsxsboqpvbczepfmwcfzycaxdvyrghwmxvs
1104,efxrqb@gmail.com,fumuulcczpgw,Tanisha,Rothenberg,356511268,zsbrjdbpqdbtzjqiwhhppgrlkacdvfmthfhsluj
1105,nfdkxvwwl@gmail.com,ynxttqvrxjki,Nancy,Cheek,805718062,zzjjdjqoiaoydjzcrbdatohakqqgxz
1106,vzwkpepmtp@gmail.com,tixpwvooslx,Elaine,Keyser,641620909,nomrupvwmqhtprycmkivjghkkdxdgimrnspjp
1107,auakkpcoct@gmail.com,jgrsfafqyqa,James,Harkins,907821072,traurwtxnyrqbcokvprxhulqsargdkkxjurjyl
1108,pdcjcolqa@gmail.com,cxyeasbtsmvkr,Hilario,Brison,342460182,umdvnrhkzxlwmtylwrknicqedntihgkqnwxzn
1109,jrhbohaoks@gmail.com,vdnwcsjcnxm,Elizabeth,Gohn,320877772,xgdjywpowbghtclaajyywfznhrspefxzo
1110,zsvagibzoh@gmail.com,akrxarmm,John,Watson,124387078,wfqvnhyzrugghyahteioepggam
1111,bprml@gmail.com,ngwscxqelfgt,Jason,Milligan,577225656,dcwrgjmlncsrxefvogfwwryvjcjgmks
1112,lxuftrgesw@gmail.com,rdfyllsfs,Jean,Monroy,965491833,vmfextgqaanzvbjkatkfnswfeph
1113,ebksntbshk@gmail.com,ochbvdkpfuexu,Franklyn,Holder,510552702,oxtyhvzhhcgyljxssuuvrx
1114,cnqpcm@gmail.com,ewnluaqpnerijo,John,Williams,71515785,gpngtkahwjihbspzcbumctymvt
1115,ydtki@gmail.com,ivvdnyxjvy,Jennifer,Traynor,730676902,qjpkhyytdsafayzycuocnenwjfcwznftojrcvue
1116,hodtgd@gmail.com,lfddvfjgyh,Kathleen,Finney,590076542,zrzibogqrdttjeehfctrijdcbrxpkbcg
1117,xjicubhqv@gmail.com,nkzckmwl,Patricia,Winters,483225939,xjxouvuxetmqliycrdlihwumtlyradlyc
1118,zyvoukik@gmail.com,ukjcfrqlyfvtaugp,Bill,Robinson,26295898,unjctqzpqjneibjsvagyrztcszazbacbwsn
1119,yoqdoukm@gmail.com,swgkfbqmw,Johnathan,Blakey,702090925,xgjhwhxunuurjsucyomccmlomojinbpxjmrc
1120,aiwhdp@gmail.com,hagwxquhlkmpxh,Steven,Riley,929888457,joohdykivwqdbswezvuijxdcfvguzse
1121,vcykojjx@gmail.com,vlatalkhlsvtocjx,Greta,Cass,218853657,peubesclprjmnvurdpoklaazknwqdkgerncx
1122,blsnhb@gmail.com,rjwigucuahuk,Frederic,Rivera,726812972,qsbjwpihandoohgxfrtcqycp
1123,xtmpofkhl@gmail.com,soqlqlglnbew,Jason,Williams,92097932,monqtlsnowosustldwbtjwlcxtrbaqhqnxdudnm
1124,gagkqqrxv@gmail.com,pdjzsbwiylpzw,Sally,Mann,663315907,htqsopmqfbcnugwhataphfnsmkvetwozf
1125,gyhcrrn@gmail.com,eqxgklnwanfxnf,Ulysses,Williams,972313839,isktrtltjcjohxkgcvpubiilcqockfqo
1126,jtsquxhh@gmail.com,aybftcscbcqi,Martin,Alston,412738821,esbanpecehnnvjohpbqdbkbvhqqbsylsbnjr
1127,mlzxphgv@gmail.com,fwyamjfgoy,Stanton,Clark,668138728,qvglyqmljngkdvtjjbszikutdcurshnrgph
1128,mixkwtxtx@gmail.com,vorbehrtyqvpsxuj,Mary,Greenleaf,989892822,gmkhftzqglefxoerkprggmikyzegdifdtuecibj
1129,uxkvuqntl@gmail.com,pygrsgmpjxstlwwa,Rene,Romero,877121079,gaszigyazvlaujbvybhzerxfoqpesurjkfofvrc
1130,cpzckgiw@gmail.com,uhgbmzyamhxxsu,Amberly,Ochoa,848477467,xjxpqrbeczgwsmpaxkiyxwtrxgqeagyvhjccbhrq
1131,aopgsx@gmail.com,jipztbipafu,Pablo,Nelson,191855950,hsplutqwqnntnvxucjmtnzregm
1132,hxjmevs@gmail.com,fdsbgebfcpltry,Ida,Middlebrook,940532345,cpbcawcclbswdtvfyemxsiiqcotgcprrt
1133,sluxiydxvm@gmail.com,ftqebmps,Adam,Freeman,998955567,eulomiyhbyconzjicrsow
1134,mpmkecpzm@gmail.com,yztagncmsznydza,Richard,Legros,313017254,kygqqqajnrrquffcpmfivtawzwdhswxeqevmmvly
1135,myuusib@gmail.com,pwfrhhgapsk,Brenda,Hogston,715280655,ifdrfijgznuillemhtzybgnslwqlvpz
1136,ooedqq@gmail.com,fwijhxcygvnfqg,Nita,Lyons,766021552,xhkususkfjwqmjevbnvurubqlrfvcnbfryin
1137,bbisbfak@gmail.com,dmfowjwekmlkpsef,Rosalyn,Moore,746625256,livhpudcpbexugsiwhhmuxpcioscterxas
1138,xmtxkgoqku@gmail.com,ghthkfhpt,Regina,Trower,350408865,dsyjawdnekfkbkdxtqqxtjamctmtuh
1139,ihsicuhd@gmail.com,exdyzodvycsdg,Mike,Benscoter,911494888,hxwzcpmvuoakknurzpoahiojbocdwwfzgkbfcii
1140,cksxnz@gmail.com,cfxljtwzctuko,Ella,Lindquist,20210675,jzaruwjtayxwatvblmfnmuiqzob
1141,vskrmyhyhm@gmail.com,flnhhuxbndcp,Helen,Day,894684878,mdqtllcymnqmsbketllhdpnulmyo
1142,tgvhjnhabs@gmail.com,esqyrsjgxtyo,Kelley,Mills,300123751,ygwrdvfhpeonissuvyqxyrxlvkauwnzndzmag
1143,qfnxtc@gmail.com,xvrqkwdax,Leon,Smith,125222722,mmxmthuwpwzywmnphodnjxchknzlujiafuvydvet
1144,xazfqsvy@gmail.com,dhvayjsnxvzp,Russel,Dalley,869233671,jigiwsvaondezwjcksheqngpymj
1145,fxasuhtb@gmail.com,xhlrbzayepkbaqf,Gary,Kessler,295667443,ayboczqyrykftxzszfym
1146,ubauhmeii@gmail.com,mkkxuxmtlwraatfl,Christina,Rama,937970140,qnfeaeydjmkgojfikmjmopjmmtsfjupdahyza
1147,jdxipkat@gmail.com,nowlkvkerslwtxvx,Carol,Bryant,310429274,apxmnyllvdpvyhxewrps
1148,wstehhq@gmail.com,ylesgtrnadnp,Martin,Huber,629400991,hkowbrpxebofzquzdbeyzrqdrkkmjp
1149,vpyginhwq@gmail.com,onflmwle,Larry,Robinson,945074168,fblocwjbxxckqeswftdgicf
1150,adfjpnemoa@gmail.com,thnejjnwfhvlylol,Jessica,Fuqua,892570226,iqrfmgbjwqjhsjfcyrndwgubgjaf
1151,qohxz@gmail.com,ojbhvsosq,Lillian,Broussard,118134486,rlsohothbpmeneatsebmmbwtevmhkxdg
1152,ltlqgvt@gmail.com,gmeqcgohpvw,Raymond,Mackey,512776786,alacljrngfwsacxskohngnwoplj
1153,gskiyfd@gmail.com,lqzqspmuqiysgg,Liza,Trivino,976816982,xxfrzvuqwlakqeihzqirrydjg
1154,uogucbi@gmail.com,xbhwvtjsbongokpp,Curtis,Le,450911768,jowyydmnrjvxsldtijdqaxyd
1155,zwvvnvh@gmail.com,wkgvezqnlgyoeav,Donna,Weldon,6083419,rxgcawporruhcxcoaxvwjtdezpejpfpnzn
1156,daaaifxazf@gmail.com,ztuwqxbhsv,Buford,Nusbaum,648410886,uhgqpoegotinmandqseqysdqmmdxrpyz
1157,ihsuysmi@gmail.com,dczudmkpsr,Jeremy,Willis,770710207,fxqnerbywyrxwzzpjmeoaacvgibkakdsxludsai
1158,rdulrza@gmail.com,wzgxrzid,Helena,Young,667383312,pyscocumudytkvdcbxrjetyrdp
1159,leebstfwt@gmail.com,dnbyiftihbjzc,Ofelia,Harrelson,102406152,lybqpanenwqiuvtioqomxkypymkrtebzxl
1160,nomayph@gmail.com,orkcoacajq,Frances,Sobieski,626051695,twqwugydpawxkkcqimqdlrchxbyuxkswduwxkfao
1161,rrjinklhtt@gmail.com,orynderuc,Wilbur,Roman,147207108,xyufosscsbjjneyskleyphee
1162,zhhsn@gmail.com,zcbgcfyoya,Nicholas,Bronson,572832363,ksussrtxqaqrybnqselrwetsqkr
1163,bkqphcyw@gmail.com,djaizvjswr,Daisy,Ward,323040640,rrpyhltwlnupptqvamqx
1164,yxnhhiu@gmail.com,rdygwiitaxdsu,Stanley,Fenner,229276570,feosxdpvvjhfshrrxrkqshbhknyekmpswlfmwwjs
1165,yxqsfzlh@gmail.com,qnvvvhzykfearcpu,Sherry,Ogden,192987662,wvpsbozfflsuqigjdvtbe
1166,pqjnm@gmail.com,gnhzgiyqmdgzcbb,Jordan,Wickings,270817342,gyntilcqimlsyyoolremsbtegawlq
1167,gxizvkzrg@gmail.com,hvybkewgvvzgqdou,Wilbur,Marinelli,991019174,fnkkyirtdsvrhpjokutyuhawokdvzi
1168,tcmlpftem@gmail.com,ivgvhadsbgoav,Ellen,Smith,610437010,cwdwqgdzjjgyhegxifzwcq
1169,ooeziqurlw@gmail.com,jxchnuuj,Karen,Barrett,455423920,dufglfjvszidktivcrpbnaoybmhry
1170,odbyimi@gmail.com,kqkintuoemenhik,Virginia,Brown,297754475,lwwjyfgpzdkforcmgxihjfvpfyxmiccpgycxnz
1171,hfjgrs@gmail.com,czemajlnwvd,Wayne,Rodriguez,798864745,elevbpkgfmtdtfztnqgoojbbvvidu
1172,borqiaaw@gmail.com,lkloirpcqtjz,Tony,Keiss,732485824,nsriwalopgedryluozywr
1173,ayvcguik@gmail.com,xvooegig,Robert,Boone,156424578,zioujvintngnvdypsdleukmsunp
1174,ghfkz@gmail.com,wmqsbsptdbofvcju,Nellie,Filthaut,27402639,onmnewlqiqxdkgxrocnx
1175,wkkncorr@gmail.com,bhlxsewnewtpfr,Travis,Mclaughlin,197820720,ltbppmpriyutmrpgugatxjnlbcuk
1176,yfkteqmtpn@gmail.com,qhfwdwlvkztbh,Dorothy,Newberry,601612602,ikefdsmesfbrrbgimfhrfwurc
1177,pmzhqkw@gmail.com,rlyhhmzt,Laurie,Vest,891584213,ixvivjdxhgxmayynmtwfdetqzachehfjtouit
1178,davdqazngf@gmail.com,jfrcherepxru,Helen,Hamilton,765931836,qcmcpsrrcrzipucdxzrhslnpwafi
1179,vonvzvhxvt@gmail.com,dpakuqrwyn,Melody,Kafer,13658781,zqdfjpfanafbvbadopdm
1180,eqrvrvshm@gmail.com,zymofjdwtstrr,Toni,Francis,42067603,afaxyxnarncujquymtbdvywanysjqimkvw
1181,ufqqeqyr@gmail.com,iohlqtixef,Leslie,Phelps,473703472,tbibqsdcpxaguzbjcihgauo
1182,fdkgzuwjg@gmail.com,onyzkdftybdamxye,Thomas,Lacoste,679617466,phnjlrtdcjoofzpzqlyswfpsklhwwecicektdbl
1183,jflpm@gmail.com,zkupnjiyfaqsoj,Julie,Spencer,940488077,hmihnzezpebudzqdnskefsshyjzhsnbxutncdycr
1184,gkzmrvbhjx@gmail.com,hpmvkmuntayzyk,Carol,Taylor,373421185,iwnesrnrydarraxktsyrksz
1185,ssqypz@gmail.com,mmvxjqumcpvjlq,Scott,Rodriguez,924942503,movdqppfubkbrqjccvgamllxndocrgeujihhcwlb
1186,lkedou@gmail.com,tmjlzqxnh,Norma,Hernandez,785710239,uhqofnyluhmeuuerfjtigtcfyshopegbehbaneba
1187,cmnenb@gmail.com,ixpniohpwn,Angelina,Baker,370821444,gdhcqrmitwynzwupdyyzntcizjugqaxwti
1188,zebbcauvc@gmail.com,zjwylvzlzxqsubpw,Zulma,Mccoy,810578889,dvvpensmgllbjyllkaszecf
1189,koenv@gmail.com,uujghodkru,Frederick,Werner,108735306,iogpcxihrbptegzcmuwckrhpryhi
1190,qzuyjs@gmail.com,drpekxgqyfetfha,Darren,Staplins,296100053,yipqmbhuxipubkbqbhtvkydbgvhf
1191,ogyryn@gmail.com,fjvzempma,Donna,Pollara,880951172,fjkpmucfmxtblxcrbvwdxzhdrkcelrrw
1192,qrevqx@gmail.com,wknzfknlhopn,Alice,Joslin,387842645,kznmpmxecihlmqkfucbudlquzh
1193,gfiwmidtur@gmail.com,mcxsfhfkyieayezs,Mary,Ojeda,111201861,lycwsduiexgratxfqgri
1194,sdnah@gmail.com,anqhbbfwbkisvol,Frieda,Mcclain,461315265,hbhurgeghamaibemyruggkikzduepnyzazga
1195,tznyutf@gmail.com,nikhatsidrjsse,Katherine,Davis,819370390,htgvhizczamirbbzhagvcafwouwesieofstphf
1196,nbfvx@gmail.com,lnvjpvlbq,Philip,Spires,65840907,njtkqfqltmrjrurxzcuevpxmhvlzofrtgfvvc
1197,daopiu@gmail.com,kxvyzkfaqtr,Richard,Vickery,536227604,ahmeeftvddflahokouyeyvak
1198,secbl@gmail.com,vhswmlud,Florence,Wilson,475506452,jonbpytqxaefsqtogfjsscngchhddg
1199,bhgooyklj@gmail.com,oruyqryq,Dorothy,Pender,672294711,ybilnayujnmmiedouwpikpbrdnge
1200,gqwaz@gmail.com,mgnrbmdfbehtu,Jenifer,Risley,147802177,wzmusjhoxbkttuhcpweruecynubnxaa
1201,ttunfx@gmail.com,skrxknghyj,Wayne,Hayes,615350096,xxvofajkpotbiadppchnozkbeuig
1202,xnezwdtu@gmail.com,taefeczexlrvvs,Anna,Nelson,98592475,tvwzzdmulilbpcalmqdov
1203,hyblp@gmail.com,dylfdtabotsihohv,Milagros,Parker,396711387,droompilfrlcimkzrvje
1204,phrlcwzig@gmail.com,mlkirvgptpet,Sterling,Cann,237517076,ynkclmyleywojlwefgugslddxlinejxwc
1205,cdktoq@gmail.com,dgnaosixexjiy,Rodney,Locklear,882559945,tqfokdsexntlznadsfvhvalrk
1206,wlear@gmail.com,jswwdyjnveju,David,Brinkmann,369749260,ihqwsfypuhgftykrfntn
1207,ezime@gmail.com,tkdjoqllmljvv,Shane,Greene,248419024,xevnhcgtmdeexsfpcimvmqgmykadglalbn
1208,uuujyc@gmail.com,ngofqenj,Judith,Hardy,10677628,xljdvmbppkpuagfeqtdvotlxob
1209,qdndvfh@gmail.com,dzksztepkafdf,Dewayne,Waldron,22745824,kflzrfubmjvyaqnngxcsggvwonoioomnh
1210,tydjuns@gmail.com,uwyndmjsfvbdqki,Nancy,Urrutia,721145650,avyllglgtpsmnqghcnkbtnjo
1211,jakxqoggkm@gmail.com,sfsorwrobtxifjm,Mark,Miller,617061351,jyzzcizbfbsjuiaxudmzbgxyn
1212,terjdwkvkw@gmail.com,uamcciype,Neil,Swisher,189985485,vfggqbyqkijtwpysoacqibyrt
1213,oddpnmeeg@gmail.com,crzhsfhveq,Grace,Laberge,171682285,mygxhcubfkcdixavhunoksrbxwgfkfllahphir
1214,eynctf@gmail.com,zcqoxtabrykkuycq,Connie,Nemerofsky,693650853,exaevavgsxyuiuxrsyyxnhalrgejqwihlghb
1215,gauoveykc@gmail.com,qzsrkeemuhgd,Edna,Brown,87996964,kedwhzlnfdlagjeztkzwfkms
1216,yoawg@gmail.com,hdvctakkeomfkmf,Bobby,Elder,51536869,svpmelazcpnlbpctaymek
1217,efsxz@gmail.com,fmkqfrvqtz,Kristen,Brock,453422892,hgljadxeqwppbicsmspyhoceqmzhstxweiauxdki
1218,grcfluz@gmail.com,hzopfkddmashyumk,Tammy,Lowery,638257302,kjsslvbnrvzgrkzcgmwji
1219,gigmh@gmail.com,gvwwpwjvukjlcz,Jay,Bertholf,813176789,gysjgbnliwnwzguwjznsspchtkjfwd
1220,hopfdmz@gmail.com,dwdufrlk,Ethel,Roggenbaum,404390766,zqqjvtczcyfbddkhzslqwgficrl
1221,elkbjfd@gmail.com,aaxkvvqe,Roger,Allmon,128217554,ofvokcwitduuxvpsnwagruejlpgsstp
1222,gloyhfmelh@gmail.com,bteufziytvvpani,Virginia,Helmick,170045930,rrbstnjxngvgypszslnlfxigcylusxrjpdwwrly
1223,ngxmlsvkr@gmail.com,jklblxfpkepba,Ericka,Stcyr,289570629,bhbcyuupfikhxhvaqheldtzrhlcnzsucgxbzl
1224,irvmgp@gmail.com,vczdektirt,Debra,Ellis,952938324,qbniwrqwuqgbfjqzvjphsuqfqkno
1225,zkydb@gmail.com,espjtrezf,Cora,Painter,43218407,pszdvtdaoscdddbrkjjjajbrk
1226,vknyzgi@gmail.com,wzktgfztiqg,Mark,Stevenson,176216852,ntkkbqfhfphvlqgwkwrwtqzcmdlscqp
1227,seqqwd@gmail.com,rbfncxskqlskuq,Estell,Steveson,497830621,wzbunvjvosryfuklqsiwpdxuqa
1228,manhwav@gmail.com,sjmlmdnwityodw,Laura,Galloway,535841332,crrmhdgrtboljyzmhwzgunleltjhxaxbj
1229,abefxmzypl@gmail.com,kqfxtzhxp,Joey,Thomas,196581749,vzddewgqxycakwsmbmjtcqmsksoikucyxffhknc
1230,zbekfrlqkg@gmail.com,zyqqrljxcsfrpd,Rosie,Lack,190738657,zkoikddnbhfdxtfnwqxtpimrzrwip
1231,rwryj@gmail.com,zxlllfiosmfn,Frances,Higdon,551419757,wzwvojsfthulsvcoummhrgjecnax
1232,qnsdvndx@gmail.com,kczghihmgcf,Gary,Kane,638563673,phonfxqhgulauussaitojbotvaldfxswpnioy
1233,ofceme@gmail.com,mgxpuuhucd,Lorraine,Owens,563328179,qftivleadrhtwcozlzsjjjlfx
1234,gdaooc@gmail.com,ixjvgnudhjuilwi,Stanley,Lopez,681235302,ecztajzzzzehpsdoyrsu
1235,hqdezv@gmail.com,oldhmgcjcvhpfl,Gwendolyn,Mcclure,796029393,lhqeljpkphbukctfuaxntutfeblj
1236,jrurmeay@gmail.com,hkdaastwlzboap,Jeffrey,Burks,214770980,csrihfnallwykvetfqfiswnuvblhjpfpuucdahb
1237,wxgfw@gmail.com,afgejsqdl,Jon,Bak,932908520,jijtsbpwzyxvqcnyhoidwnbuoxpxayxxameutl
1238,ynaufzbbgi@gmail.com,hsawscoic,Kerri,Osuna,724145554,hfxsvmocnhupqpfctyorskdvhnaosnu
1239,oflhaqeh@gmail.com,uofmcxljkect,Rene,Bryant,3926973,fmwnojgjnstjnzvvtqrzirjqjrfovlpjkjcjap
1240,tzurgezs@gmail.com,rnkcflorulwxtvhr,Melba,Champagne,848075272,psfsauvsfxfpegtqlgrc
1241,tzyuphl@gmail.com,rqmqcsgqbpfyer,James,Wadas,898028597,yawvbafirdznfkrvjkic
1242,nuimnis@gmail.com,nnlsjwincarzk,Marisol,Baker,862170557,yvstdvvjnsqcdamolotpmnyzkkfmflrhd
1243,yoaxxkv@gmail.com,ndsthofjydq,Ellie,Wingate,902941894,bajsvtegmdljfarqgaaawnfnh
1244,fnursov@gmail.com,lqsnscibzipprtu,Joshua,Bowens,820595208,rcoafvuhtqscbspshwffseuxdqn
1245,pjjog@gmail.com,wfzbcgmuwcvfdyey,Richard,Sweet,28676058,kfvdenkaimdyzimubxtjmzbgpqgpuzuyjwmi
1246,yozfcuwjh@gmail.com,keuvouqm,Bennie,Day,988360942,bunodxsnonfjujjmhzxcydkjgzddoqodq
1247,mkofbvvk@gmail.com,ymwnbpdihipvhl,Jessica,Domingue,992648579,btscygjzbcrenfwqxzbploatpqwsvhubit
1248,lcvef@gmail.com,lsdglcnekbffc,Essie,Richards,523470070,pdcfxfjhfxxijubavnrl
1249,flujwb@gmail.com,onklzqcx,Nelson,Grose,791878245,ecxfpqjmqqfazztyyenodcdyknlmpyuixzhy
1250,poeoudspen@gmail.com,ibkhqlshq,Ronald,Luoma,693624697,hcurjdisrkmydypylfmdjogchpxxg
1251,easgpsddw@gmail.com,zgnwtwbvkhyftg,Ada,Benfield,361049932,pijtnjwigubfzzfxzfiyrlexgq
1252,nbcdb@gmail.com,qboqzigin,Sharonda,Smith,47903482,isjmdjgsxufqnotrxandxzdaiwvtpflljmqafmlm
1253,fqfervg@gmail.com,jnvkfcjssizypvr,Tricia,Welker,193271240,uqqlfcnsnauiycovcinqizr
1254,ylyyh@gmail.com,rbluolahkmw,John,Brooks,184924100,ancwyplwnkpzbkfrentgugxtxil
1255,lthip@gmail.com,wcarihdjbxs,Michael,Dumont,494349288,iisylghrvduvdevlvgvhx
1256,qjowkhvhy@gmail.com,tsybesxywxtsqgo,Juan,Haliburton,557456443,kfsmvwjrqxhaaauepaydte
1257,fbwduuxoz@gmail.com,nudrxohfyl,Rita,Lamoureux,424094548,bcovvmrvrsnbdkrxxfzajcullveqauechgseg
1258,splwpmjvw@gmail.com,dzhlzcmbjm,James,Roland,35825587,kjtpqqumugqsftggrahnjl
1259,dpxitmi@gmail.com,xlsjiakjvnlxhjwb,Richard,Taylor,894547349,kktbcqzxfgxufjoambiivymymvkzukcz
1260,qeqjoo@gmail.com,noaawxdtmtiui,Jim,Reynolds,217246142,ppwrxflmxtiuwwxwvpvhjikbdazlfo
1261,tjynqyf@gmail.com,rxszfxwvwazawf,Kristina,Hauger,720440336,erwvkrfgatddmhwsscsjeqavpo
1262,boelastv@gmail.com,tvqpgcbvznil,Susan,Kurohara,842136624,ckfrgcjajelceqvvjrcg
1263,wwbleedzv@gmail.com,yllxywzcythiqsax,Irene,Lindsey,443105178,nnxueqrfjxmrjokpgnalzrekqokzcivhulmwean
1264,umazkvi@gmail.com,imjxwypuscbsztsj,Mark,Miosky,583916012,jtiyuaxidodsadqzkjigkde
1265,azgjkw@gmail.com,jcobhystryeeldv,Andrew,Kennedy,818675525,myjbktjwsoiggtcfwhgeaunpsvlhgqlna
1266,kbuev@gmail.com,vokozwtoocz,Sarah,Moore,417456815,eyqvwiuquyezuhptphbdstzwwpwktsptncixgcxt
1267,whiriyjipj@gmail.com,uqhohjqhp,Larry,Lyons,611604022,fvecodkqfrqetlppgtlw
1268,zqwrc@gmail.com,wbsiyqkxtbzdx,Regina,Todd,559100163,ntysydezxsdjzqwwudvzgts
1269,oyrjgjysz@gmail.com,fahkmxpr,Scott,Fellows,707627029,vzyuwclizxoaqjsyaqwtmdxfjcsmdpxtve
1270,jaggryu@gmail.com,eovqkzcoqzahofz,Peter,Gossett,312719785,cvdoitiripnqbddjgolptzhlixavqn
1271,zosatgll@gmail.com,qxeliskcldnp,Palma,Moore,359374732,cbpctwysfoozjpxlabqqq
1272,safcp@gmail.com,nkcvfzffugqyjj,Kenya,Hester,867879310,cryvdhieiwzaifedbiafkkupsabcrlyorwi
1273,cjjihqnua@gmail.com,knbgxhqaqoxo,Michael,Shepard,316738933,gjsnenagfbmjcxjtbjhikxiaofidlqypzu
1274,sktlhsxc@gmail.com,svoazbxtimjpxp,Paul,Jenkins,163943704,pckwogjmxcvxeemlecbozprqlrtrhyiimphqba
1275,fmeuusfzwc@gmail.com,mffrrscadmqhmllb,John,Ohara,963246380,jovcaypygwnymogknfjxfsytkdndqzgrnqsuohsk
1276,tdqlqknop@gmail.com,iublupmtnpgjb,Alfonzo,Gauldin,808237002,kbsyyhqkifxakcpyxwszlmxdpnfmkxwimejndvuk
1277,zomivp@gmail.com,zvvkxspcjzad,Christopher,Gilstad,525040917,gpdxcvhnhnhycvwzdpcvhhtjddcot
1278,qkwpfxtlw@gmail.com,gyitxdpveptpluo,David,Toney,90617235,wpccgluqmivmjykkfdmsqfxmhrshzdblx
1279,xsobi@gmail.com,tfuuxgmc,Marvin,Sargent,138541337,eyisexfxadhlixcpeepeaestomnrbocjut
1280,vcrwgj@gmail.com,tvqvwkrtlue,Robert,Burton,551561640,fboigqqjzylwqtbllaupomurvistwhdvpxgdqnzo
1281,ffgwurzpcr@gmail.com,navepnfbhfs,Madge,Zito,646420091,qplbfqcfkhbstgnruzoztvwzzaltojhsaupaig
1282,ipzqozfuk@gmail.com,twmlbymutiva,Joel,Jeffers,212540176,kjmdrrlpufqxhvaairkzowpebjrfkmbzjnek
1283,hajwynunjt@gmail.com,cjskmthz,John,Walton,432333105,jtzwepzslgmhjgxousdgb
1284,dobtskhjtc@gmail.com,xxnbqzsrywfhcrkv,Gerald,Oldham,260567830,yjtwlckxsmxigyprovytbiluhmyxtsipfmmadq
1285,vojyr@gmail.com,adkzisxmpn,Julia,Heft,422987038,wqjfutbilzcwudagcyzoxf
1286,qcdjpb@gmail.com,lzxuuefzyziny,Elizabeth,Wade,234186446,cgjuiugpeqqylghzidhcebrhoxfbeyof
1287,hwburz@gmail.com,crkiwnhclhdzesg,Helen,Johnson,72913308,ldlhftenmncpeykckhovzqswhiqajkpjyyhn
1288,kefpgyemb@gmail.com,ubreaxylucqmai,Kathleen,Birkey,684571159,bstzktqnprmzykdiynolcjbcenlywxzwh
1289,awppe@gmail.com,tseuuvvhvvl,Kelly,Orem,665270684,hkcrqlrzpgvggymjxvgpocakwzlpmmn
1290,nthdbx@gmail.com,vpphhqfcevepekpm,Kate,Eldredge,644938556,fdvxjdkoptwqptfdhwxgagjwaeqov
1291,eatdo@gmail.com,bgyrevgbh,Patrick,Johnson,92938663,gerdlpgumqraknhhbjdmpygiflazkfvttlc
1292,lyyyzihnfz@gmail.com,akjzzwmc,James,Rowe,571171424,mnpijtuyqrjqhtxtkqjhlyauljxrtmgxjvu
1293,utajsxgo@gmail.com,zrngujfmovdotqzk,Janice,Martinez,217334309,zuxtovsgdbdrigexmhkypwzdbf
1294,ybekrqkcvc@gmail.com,cskaksopfx,Reginald,Nunez,858477560,bxyogboefiqtibrxosdfqfnviwapthvu
1295,djofsl@gmail.com,txrrzfwexxw,Margot,Crick,740019050,bcluirdfmrpmeywfagjaz
1296,zzlippoe@gmail.com,crwgfjdbw,Aaron,Cain,495597387,dcerhqzduumzmwaxzdmnu
1297,sufbyhgbeu@gmail.com,hjuhefvkqueoi,Paul,Willardson,220694365,loyfbwrtkwifrgdrwpvksnry
1298,mrqmv@gmail.com,cxrqdnaf,Claudia,Burns,509359327,ntvsxnaomqaemkitzrbkfynxhleootabxfqvt
1299,thetrgx@gmail.com,zwkixpai,Marie,Garcia,849196597,eoktzdeilwkpqsmeevwdlebiq
1300,rrrurf@gmail.com,fvxxieohwzzn,Lori,Gary,337287381,gxstvacyrtmcsnbccafdwz
1301,heaublrpzs@gmail.com,sukweuqrctvrn,Dawn,Hughes,357084717,xmvjbddvwrlliloxdwcngtkllxjtjklnhjrhldhq
1302,wbnilp@gmail.com,uasvkfdlfddibngh,Donald,Ott,892383325,hxehaikrzvtuzmsbnvsmyr
1303,bahnefs@gmail.com,vduyllxxij,Doug,Hopkins,493822037,efsmftdnvpzafigmjubdgdobbyptkyde
1304,vzjmjsls@gmail.com,raoicnuiwt,Carlos,Christoff,742793281,sbxvdfjixprmqdkyzpikdabz
1305,ifpukel@gmail.com,vwphfvqawarwluhb,John,Demeo,318205975,ghnpkiaymoalkrbqopqboixijdwta
1306,ikqtfeff@gmail.com,nyqmyxbzgkr,Kelvin,Jamal,752687126,dgjfovvfxluujjaefmbarwmtwfoj
1307,trmrxgk@gmail.com,bnivkogmmmronk,James,Wright,6906481,ybwlrzkbifmjawiuvgasosygrccaiwzmliizlo
1308,fzmyk@gmail.com,egzxklgmmjxdi,Ethelene,Johnson,319880417,dwbptjsyhohmgyfaglxzgakevmdovcvxwxgr
1309,vdmzdqux@gmail.com,xubmmqdc,James,Young,723316870,ygcrhykbmjyhcmtgdpwdxwutdlkki
1310,xisqcmyesh@gmail.com,fvkxsabjdikazrm,Velda,Turner,850265252,kvragqvnujxovuksttoweifzlganuozkka
1311,ztlankg@gmail.com,svkkvdkizqhr,Elizabeth,Araki,25077015,zkxomoqvqwdqtlokiayhx
1312,emezr@gmail.com,htxwxctpgkv,Darlene,Foster,477229290,cpsfiiofyfnhemspaealqkpwncpfdtxlolpar
1313,oguualjq@gmail.com,uobifnafbcklfyip,Anthony,Williams,349188387,mrzpffmrnpngpmjajcfsn
1314,eckhalfkw@gmail.com,vpgsziefheijpn,Brian,Sanchez,756808476,hthhutnxxxheilmcotuvgnovcjtovrdsefshsaor
1315,jzpsmn@gmail.com,dhaujkmgfhhoxtk,Sebastian,Helton,504288391,rugwtqijznxrenjkzdwtujiovpaanrmapdcuqxpy
1316,lriykjtiyc@gmail.com,pksinboiaawzchg,Esther,Taylor,726801379,iycebfoogzdzbursillaupuybqvyhhjcmdeqkaor
1317,iyvjisl@gmail.com,fyxxgvlwdaria,Willard,Galindo,239700658,ynqirwcbvkcmidlnsagz
1318,rtyyzxc@gmail.com,ampohqte,Mary,Jones,297809839,yfqcenuhlcubcqhjdcydvowxxbygc
1319,lzgncqtmi@gmail.com,aoialaycbnan,Jill,Harrington,448167013,trjvrxwawykgalvjpeeirdmndlhkbyclk
1320,lltqrizzzu@gmail.com,yylurnzqxnf,Jennifer,Shuman,819862287,chbxvgevtssvzrmtnbqafvhhccgogtasrnpyphun
1321,gmkdd@gmail.com,otznfiyfurjofvr,Stephanie,Iversen,818280503,pxzgexbqmuixanrjakyuxejznudlshs
1322,rjnquzpnfs@gmail.com,hknmnvtlkqdw,Barbara,Dukes,767805879,gwlxsiqqfglyhtirmramysfirrbeajeghs
1323,xpukjzcjf@gmail.com,ebrcayygoqofueju,Carolyn,Fontana,818208068,xocqrcozzhnhjakyymrifa
1324,zgmclqht@gmail.com,orjdapyhcoghco,Robert,Alejandre,466608729,hfrxipcixqkajqkycuwcosjqi
1325,avoktkwn@gmail.com,qicxonpwjfkigt,Kathryn,Oliver,614494080,otzdlrwzfrnmilqpdqtowdl
1326,jtyfq@gmail.com,lrczqjwg,Christoper,Ruhland,261565936,fyjngvutqnwyjpuxdomffm
1327,rtnqp@gmail.com,akdyefgfjqaibd,Linda,Wright,352067991,hjaubqjcgpcifylbldpwoanggmlkvoz
1328,fvmpkg@gmail.com,ihzfcfkrtimuaxqw,Walter,Brandt,379566842,ynpbqtmpgmtkkvasrlrhzuy
1329,xknjsvs@gmail.com,hfcpeokjp,Robert,Reeves,462313101,ptxglxuocbkojelufuuvdfhqbkafu
1330,fzywhy@gmail.com,dlchklfhcbpzd,Kathleen,Range,833265144,tktxmfmxjjdmyfagmanmibccxwcuuphsb
1331,fjzcbnciro@gmail.com,bgrzxbrunnbswj,Bethel,Gibson,244184014,fjyqdnggrnwjebhhahiiarcexmqywxzzkvar
1332,rwvxrfyci@gmail.com,jqkrmbfmywvxf,Gladys,Valenzuela,298672185,kchwevgcurfpomvlhlozcpsuctsitne
1333,mfppj@gmail.com,fyxluavclmmozsgz,Eric,Fischer,500282917,ckvvoyfmavusreqnqhyahiaifwbgrdclivtczuf
1334,abrwp@gmail.com,anbxpfpa,Jennifer,Guzman,376475745,okslwzukuitiklcmfcnjjnfrvjftpbifmkeyd
1335,yjpubmg@gmail.com,oihuipwtdfn,Margaret,Boone,378634273,nxqmbxltwznqvugiuhnqidehzf
1336,wfgsxyyr@gmail.com,sddczlnyqrz,Dawn,Bowman,745959063,hqljgmfrdwckrmagfyfjgdzpzzlmzolm
1337,sornssk@gmail.com,cyroihhurvpz,Dora,Pierce,549128177,zscgsqhohdxukqoofnggugsdjc
1338,tibsillh@gmail.com,ugjdjnicflcecbaf,Mabel,Williams,872668284,cnecssetbffyaxbzjzmqxi
1339,yurcd@gmail.com,oockwjegotm,Opal,Walker,505676930,qhqdborzzfiafchzuxtx
1340,dhjobtazr@gmail.com,ygqjazmzkvqb,Garnet,Marcus,688079148,crwsmqozoglulutexsajvjyzizcpakjxfvvotdno
1341,qfgsody@gmail.com,gonwnkcdmiujoku,Ronnie,Jonson,590794073,fthhvjjjvlshbxnzoqnqownenqgrmrz
1342,wffnzb@gmail.com,mqlybfcjiokalouf,Ruth,Kwak,731120725,jykocvmgcixrlngdhokvc
1343,racqh@gmail.com,ndkvmluvt,Delmy,Gerraro,842717809,daixmbygxxzqjciajlivraovsxgdcffq
1344,iuazhwi@gmail.com,iufpijwr,Vicente,Ellington,846421192,wokyvxcgwgnrglaowedkoheozeumoahcigmi
1345,xwrjjo@gmail.com,dbekbyhx,Jermaine,Landford,32196061,duyweoymirndnwzggvyx
1346,vuqvlpl@gmail.com,tyjfytvlqn,Marie,Drake,180483669,lyysqjwxqlnxcfbspheklqqjecrphlnysc
1347,ufnvy@gmail.com,gctlpklyx,Horace,Perez,146496773,gizcfgfkvmbjfpcnievmqnyntkflpflrxilxcm
1348,qrrdqln@gmail.com,uanhkbvw,Sharolyn,Quijada,637340313,jngdorjecuuwspnkuzltaojqdevepmeuczkcw
1349,xffixrpqlv@gmail.com,zfgrnupzgrvypc,Irma,Hussey,624622484,xkohwxuteuhibplijvbbsxjq
1350,lmizf@gmail.com,mowbgdvhnh,Gerald,Hill,53940972,eqolaciajlwyxpnpzkmopjshousjkjzymhtbdsej
1351,lrrcxn@gmail.com,xbbqjptlkzemm,Don,Soileau,76551320,kkbfaavuykzlbxqbuhsinsrayny
1352,cxtie@gmail.com,txnonhdxhz,Richard,Taylor,310891152,pzkrtayaknsbmiymclznkgieif
1353,milqoz@gmail.com,qbzqapegopadb,Morgan,Quinn,80384044,yftqzenpamgkxmudsfgmcvlcsofh
1354,bhltiznj@gmail.com,oqrhwtnjyktygfjq,Matthew,Briggs,389219865,abbknhdolncqklqzlukzregrjrapqiu
1355,mwgoxep@gmail.com,yyjujvawnwxp,Patricia,Ellman,795314148,fauoihwhbhnpbhlyotqyiycpmpepighizaodgpeq
1356,yrdgm@gmail.com,hdmwohkvw,Oscar,Amato,301644149,whlibobpkjbuwjcfiqmhv
1357,rlcef@gmail.com,hjkovmvuyy,Daniel,Sandlin,783534530,jixrwufebrekfqnqsltpcasqrmmjjqwrhbuldc
1358,cpjfo@gmail.com,fqkezilv,Alejandra,Powers,43283508,iybtdrejlglrrsqbriohxuwmxpyokyrujgphsx
1359,tqttqkx@gmail.com,lhanmzdcymjp,Charles,Johnson,69403090,tejufasxbzrebsrqpqawrweqmbxq
1360,xidpj@gmail.com,wzdgihwmzi,Sara,Cooper,519759119,lmojibiazdcnhrhnwbgaauxfwupfchhz
1361,zajivl@gmail.com,jxgsbpldkchsxk,Nicholas,Deremer,974510748,inueghhpasaarbqkzdin
1362,cqfiezipm@gmail.com,jgmvokiskxogr,Charlie,Ortega,992802125,nbeoapadxqbejioictkxozrxmhelg
1363,yofgtar@gmail.com,tiyfbutzcoxhoat,Dorothy,Ratermann,502620239,babxzrwmyxmdtwvawxoxd
1364,rbzevg@gmail.com,eoiuoxkilaqsvjvf,Caryn,Case,352408467,ihhfvymszbkaqjahvjfcgapqepmxwbnljbi
1365,ldzzut@gmail.com,waowbqdt,Gene,Espinoza,801137881,etkacejwkezzlxskfbzkawpnouepusbivnsdafd
1366,nrwaoa@gmail.com,imteimknooz,Jerry,Nussbaum,910364525,zaiklhjgpivpuedsoeqoavhwegrcgmbkpy
1367,dagejqggj@gmail.com,ctnouwduuiblxdsw,Isabell,Sliva,383843680,bkluisvofbbzfgmsnelmvvczhqwtu
1368,gyekcz@gmail.com,fupgnarbywcz,Elmer,Leonard,777532501,lchidgralroqkssuwogclvpidzwrhhjkeleuskbf
1369,exnttao@gmail.com,ipoafbgwkpif,James,Blessing,298234279,cquvxgizijwsjkbtclfnvzglwihopgsmxcrzmecg
1370,fupcgbhw@gmail.com,ejgxswuzibjpi,Carmelina,Taylor,518419385,yzhkhxslhzthhgxohslmqwkotubpu
1371,wivpxodmn@gmail.com,ayhpoqnljbv,Joshua,Ezell,981019220,guzthcpkrekxhsukonphtpeguc
1372,bywboeyio@gmail.com,vgqzavwsw,Willard,Minich,171539122,muwkrdjxgjiikbyjrxfcmsxrxlsdmvhyg
1373,zozcthswvx@gmail.com,wbzmwofs,Sharon,Gammon,591622582,itqihewvjafjpqsdeppcy
1374,mmuabiwhcw@gmail.com,qozrfagwugotr,Gregory,Omalley,467245073,vpskdrpfkdluthvxelhensxooofjkqxmczdacl
1375,fujkfiib@gmail.com,tryvzhyvacvmm,Jason,Smith,545573479,jmlykkjfejsmfjjhpdkrqumwxfltkvvixgjnvp
1376,gsrtcl@gmail.com,emweqyutzkiuud,David,Lopez,75337833,rxbowtdtdiesagacdokhle
1377,icwcpfxdph@gmail.com,xizxvgjpyb,Julie,Toler,69485820,bhtneylonpdyyqowmqxbzpbvcj
1378,ntdtmt@gmail.com,ktupynim,Eileen,Reyes,158738722,yfapwaymptvadteatihfdwb
1379,mgtqdi@gmail.com,vlfzbaxpek,Melissa,Barnes,76597292,kldfxojmoonxfubpfgeqanyyu
1380,slkmzvq@gmail.com,anaqgtcqltjlxbd,Hazel,Gay,577456222,nbkgbrgxmawyaynbssbeyaqaohhszxmegvkn
1381,flqmkigpy@gmail.com,qrmdeiojiqopr,Michael,Bouffard,185153716,nvwozmauhmuvulpsdpompaligjq
1382,ivjxas@gmail.com,mofhdencxnpl,Lynn,Sullivan,688635452,bcvmuppnctehdbcegyap
1383,iukalslj@gmail.com,vywynutesh,Deborah,Armes,353402795,ngtvsphikbmjjrravhgrhulwxzm
1384,lmjqny@gmail.com,aazahzfbeuhhhwmm,Annie,Wright,51583982,hkcahhadrskhruhswkhdkaypqqywftantopvwdkq
1385,hjvrsggp@gmail.com,fdnwcjhcsxqienh,Claude,Bark,800910128,xlbztyzbqpdnvvtqemykx
1386,tqefzxn@gmail.com,haghnknvhq,Rosalie,Cousins,469350712,syiuivmycflaqwyoeprogggwqcbkxydgikq
1387,acoixjq@gmail.com,qzwyseofuriu,Rebecka,Sobania,260563428,cnmqiksmfweviszwwwripnfpdoxjpjku
1388,nklzr@gmail.com,bgwplizpeim,Lois,Parsons,119488006,nforgtnsshqlcwaaiuradpsmzlpqfodwjnsxwjt
1389,fefyfh@gmail.com,zshmoohurus,Raquel,Mcginley,769912230,wwziqhrjppiechkpmgvlwijjgxjkqau
1390,ofohnovu@gmail.com,watmsfznc,Dawn,Broadus,295052911,bdjycezcqlslgnsvbxcnuvyt
1391,dqdebrb@gmail.com,dgemecnipot,Anna,Bobbitt,211850977,msjowyrjwfkvyiclzhzyboexxonfthydsxzfz
1392,kduuyxcn@gmail.com,sbrepaqskxix,Sharon,Booth,738716538,tywqdjlhnjmgiqvjegbobdinwvcxwyzysj
1393,beyjnsr@gmail.com,hdbezxeossn,Shannon,Ruderman,934704200,koikzjyqafludtletiie
1394,wsxhziyzo@gmail.com,fqaibkul,David,Emmett,482700011,ttriidxaeeubbdhhgndpqhfadkumu
1395,omcjfh@gmail.com,yuovsvvkwo,Lula,Niebuhr,921549819,iukdcrirhgtxxuxohhzadvffjdnqn
1396,cqpxwbjcvu@gmail.com,avocnthbnpw,James,Mummey,40943619,bbnuwtpnruiaapafocxlqezordztdaikrkpf
1397,axasimzq@gmail.com,ktgzldtz,Regina,Battle,497466151,xmqgkzrubdriroyukvghhfb
1398,snxnye@gmail.com,rhhvxpttfpal,Angela,Young,626330139,trtqjovkngbmnbkyylwapmlxkuwfdruebesc
1399,ddaon@gmail.com,czvwllprbyvntu,John,Hankins,87045715,nzegjbspyltgsmdzjabsssoogmrt
1400,bxcbqdb@gmail.com,nyeseimlquyi,Lula,Latta,523424889,wqloiemhowykoztuyfnybmzgpax
1401,kktvadxiv@gmail.com,thpzlbihbhudldd,Barry,Abel,236770953,yycmxctpgsciqrqegccslftcwovvraldspwcgzts
1402,vhnznz@gmail.com,clfxvmipinfqdtxm,Alan,Yanchik,383572123,vbuqzyfjqmxdmknvfpighypraeynbrgu
1403,aomobupl@gmail.com,nzahhtoi,Lois,Bradham,998147579,lemyhqeoyuhbqmidnefmuhxfzhxlvdergyvkjkhl
1404,dlgbdyj@gmail.com,xzorqkrwavtmdl,Mario,Bustamante,372101254,xkgpizsbdtewmrqusrhsyrehok
1405,eunrtgbdgp@gmail.com,ojbkytxhiupkjnob,Sandra,Whidden,435386038,njjzdmjhcfapxnohrucoqflxszetwxu
1406,nyjziiwx@gmail.com,wwqoryokcepyil,Ashley,Wheeler,375743566,sqdfdinkqucfnmjqjghnaqokazzropssomed
1407,udezv@gmail.com,qtudcpehbwsps,Albert,Lumpkins,988423534,fdnwribbcbkcddsxctolbazstdtlsiirabchkc
1408,beyxaqtia@gmail.com,ijnampozivgfioz,Gary,Veltre,720798547,hbsgaogbgmbwdlnakggcpiuzjhldkitxpgw
1409,znqrh@gmail.com,pueizgas,David,Pfundt,169910627,lnbalkdekcjsqkgqccjpqfvuqdtlpfjlxqtwpq
1410,coudhbh@gmail.com,yypwlihpw,Jerome,Moore,407824463,qgmfwccndouhywlqttyrvwokcuaxkckfuox
1411,xynpsodztw@gmail.com,ikwsmndmmoalybg,Richard,Brown,492373750,zknstzjxqlrklhrjueueua
1412,eapiml@gmail.com,qqstiwzw,Veronica,Taylor,592962165,rfscixvmjyvodegxomcgfmqrzhtytexsyuvvsxab
1413,oknhyodkcj@gmail.com,maizvajwckgz,Fred,Schoonmaker,267540804,imxxzpmvzdtlgpjgvskbjzidkajdqh
1414,mepzlxpud@gmail.com,byesowdfea,James,Curry,416181510,vacxmxblcovefkrzrakxhpycikuz
1415,lwsmwk@gmail.com,myyqqhtdo,David,Maxwell,483324102,gpxgpbgkvoywxwhtnvgshaxyfkkxnvylcwn
1416,ohrpqi@gmail.com,qmzbclqslgndyq,Dave,Morrill,91260038,uzhraykxzcftxnfvsdasrdhxwybkdlaj
1417,ssaxjjeg@gmail.com,sdklgpqq,Norberto,Harper,563079647,ayglfyqlgraayqluwtch
1418,fgbnfsdb@gmail.com,fjxbufczzunmjoi,Mike,Berrian,723581265,tqmgsocfozkkucggdujmxpcnnrosptxso
1419,oywozo@gmail.com,pbrnkgjczryai,Pamela,Frye,696300237,zqvnmjjpfhusfurinracqypl
1420,ktmnwmr@gmail.com,ajzfavlgx,Dwayne,Torres,412996370,gxcwhqcbwhjqaecjevcpos
1421,wcbsxo@gmail.com,qrqfnaarw,Erick,Perkins,567687488,tacqfwzjtsakdbpkzlowihjfihi
1422,yywav@gmail.com,nklguqeohuzxl,Paul,Strunk,235143076,rpmatbfbzlmemfofnytykwfharzicpn
1423,wkkkohq@gmail.com,bgsoktxvmpko,Cindy,Richard,223945893,ijfxdayyfmxnwebzfgmkadfxxw
1424,esjbswiaxf@gmail.com,ewavwqcsxyzku,Tommy,Carter,326631757,vfacgsvvkrsmqrieziekmzlhvlnyqwiqniiqa
1425,rxnygmyf@gmail.com,ytqggiaazvzxah,Martha,Perez,34572115,zyywsqplimlfwxfwrxjxnaoxljomlcivtujkxiw
1426,czuyes@gmail.com,gitkghhsl,Jan,Temple,27052592,ecpwswvusviovlbbdlrdijxx
1427,koqnqzngjs@gmail.com,ybgrqrwvfyxjexwg,Erik,George,236007746,ucuvoeshkbigrtstyqjydyblxrobuwguno
1428,efopahod@gmail.com,mkaeiifo,Violet,Gann,871894652,zmxphrxaeogixazkieqerkvqgtkvtz
1429,obwyrrl@gmail.com,fsoprifwgzelbcp,Kareem,Tesoro,835079103,udzabcyeuauwphymegaynjsmmewrrgfkhifjn
1430,anmunabks@gmail.com,lpqgnjrjkxsg,Thomas,Goss,287556327,ehpzaqjhkzlzmukcjckz
1431,ijhrpv@gmail.com,krrgbyzzzbwbj,Dorothy,Carter,855746225,bmkwbgghpeofwwlwlflpqrrkfsognnmlpkdfhu
1432,zzunyeyy@gmail.com,mnlgbkttqjicfbh,George,Brown,937068811,tlajwpahgujcoddkbvxyhupsrdgobfummqiezqan
1433,ovomtbgaqi@gmail.com,afvfndcqjjuow,Marcia,Mcirvin,884669018,ixtxydwhvddvfeunekqdmb
1434,imyma@gmail.com,zkdddftwcfeivwtw,John,Lasure,2370038,rfkvgsgpqibywfsszqfe
1435,ykjepu@gmail.com,gulelytfqlcaeh,Maria,Johnston,201519733,ragniijnxbmrclaqyedgerwzkgixcxjkwqzccifd
1436,wirixi@gmail.com,scybisjgdwalbqx,Tammy,Daggett,998412293,bsdmxqnyfnkahxyktechkpmvrhdhtggsg
1437,qjlvlp@gmail.com,kghzgrdpnlfqilu,Nathan,Bianchi,450801233,agqojtzzwyqmhkvlybunvghmqlpcfhsjdilgzxt
1438,ecmpnpdthe@gmail.com,yfajpzxx,Connie,Collins,686655519,vbnvqsjzkkyfsgmocjftsolmjdfadb
1439,hylbk@gmail.com,uftddgcjerntk,Elizabeth,Cilley,325097855,ecpkqdnbpzninpbkgjjsxpslxi
1440,teffwnuim@gmail.com,yxwvqblcbfrt,Quinton,Morales,215562039,yctueuqktjtbyvcqppkbhoydsuahujtgdas
1441,lccvasd@gmail.com,duporkhqsthjbwx,Randall,Reasner,753274876,dtpksughkerytabndgpdtoponuyhcsbmxi
1442,btlgepkx@gmail.com,plfdpdufxs,Marvin,Davis,814228547,adglpzxrdqzhkixkpsripfbvblchjrnrxibsfs
1443,ohpoxcry@gmail.com,hzerjvwqkhg,Stephanie,Quick,908553867,jxmbcpgskyumtfybdbgspgcidfqrjjvbpjgcqpa
1444,wkfglbcxjj@gmail.com,zhfpieegp,Florence,John,581085405,pyulmzjecookwlrdolwbo
1445,ipbvgzug@gmail.com,blqpdwxcwk,Megan,Searight,517380367,lgalvrtufrhixbfwjgykywki
1446,mvgfpteiuz@gmail.com,wmbswzknaodn,Jo,Blair,35345743,fxpoahjwtstcggqjvmodfqtbetuciqqt
1447,bjjifet@gmail.com,vvfkfpcy,Heidi,Gulke,768533480,ynbffjbebtocqbhriontgfawectxz
1448,oagfk@gmail.com,xsaxtldqhhyxmu,Sandra,Murphy,777269042,lvxhwddeicgubtokadzbqpjjeguduqqg
1449,pvipnqqn@gmail.com,wosqnocwjgdmxqb,Herman,Sikes,994851322,foihjezzngwytpqvlkaoznoiwazjzo
1450,tbfckukico@gmail.com,rdsckuzw,Frank,Lynch,152345134,hcapekchsiqsrgpneoaohllnbpu
1451,rshhtczs@gmail.com,rajhmsbw,Terry,Moseley,916656874,xnddaedlpzrapilriwbgxzaohkuevydgzlzgam
1452,nxyqtsa@gmail.com,uenhbooo,Nancy,Hall,930802224,jbvnfuxftetvjcmhkzryervfjsuiysqpbpgwdo
1453,vulufkc@gmail.com,rsupdaflhzzb,Joseph,Smith,18205817,rfkdgyszupuhpevrctepicpthpataam
1454,wnsdpldp@gmail.com,newxnobnlbxtii,Peggy,Berganza,103112822,oicrgfjjxcxxwuhjwcchctschzqcictfbm
1455,oihsf@gmail.com,gsiyhgzn,Christopher,Prince,190388171,kmhkhvxgvrtuepucvvedglaesrdzokx
1456,igeihssej@gmail.com,tjcygynbsfzs,Buford,Rose,522664487,cvtoacalpotbwmumvupvloyljm
1457,rpyusp@gmail.com,mlwopsdfqvpaqwfl,Rebecca,Compton,180386751,rlpworlwsdtqspoqkycrjwzjmwmm
1458,ewjfswned@gmail.com,gactyuiua,Crystal,Crain,173025199,vmgubvbevroracogupvevorrmwv
1459,nlfprmpbg@gmail.com,pquufdqoccoto,Maureen,Moreno,80064084,ocvsguncizwcgqemssaoruoxkenooxskp
1460,ysqbw@gmail.com,uviyfwseb,Brian,Dunn,662799393,nbvecjrhexiaztzhytclnhzzrsladexrjwn
1461,nldpcqses@gmail.com,ypkvzrlzdqkhamq,Thomas,Kizer,809883921,mmspzngymswhbuddobkykzs
1462,knbwz@gmail.com,rbhxukmabiihtid,William,Washington,172332682,mrqnjgvlytwirbxdpgyujuoltblk
1463,wxatymjcb@gmail.com,sbhjfyqqizmll,James,Marcantonio,298689660,neuzuvnfrrwashkkpalbcieahzlybmwvaoc
1464,ulyuad@gmail.com,mkscecnzbkhxrp,William,Sanders,195365699,xctacejhujeroxyhvqcgcpkrmbchcohlastimuh
1465,zrvgu@gmail.com,yoosjdnnrwlku,Chris,Wease,217652189,gpwkfpxpyxwavazqslbkxnuaundcx
1466,jrxzuj@gmail.com,zlfkfrpwnga,Shannon,Childers,807764761,yidbnvxxilxerfhkvzfhchozkvyjtkxq
1467,bcyxeqasl@gmail.com,fuyuuadafa,Annie,Kiehne,219332605,tpjbdkqrqqpbkaalxmzegfalwmql
1468,jvdlvbjwx@gmail.com,rkwfhdwzmto,Helen,Austin,933525724,aqdwmsdnwakznnfbqzuytytekvbwafnhsvhnw
1469,zlmbnqlfr@gmail.com,avnvbqhi,Julia,Pino,125504946,ludibwpimkaokbtueaskhjqthlufltwdnuli
1470,azoqdljk@gmail.com,aqqmmnahfebcjv,George,Solorio,588556612,ngezcbcndiincseespklpxkwxnklhz
1471,obvjrvi@gmail.com,sbxoergjmvkedvi,Linda,Fields,322016413,rqstwzkxkmfnugyamfxgvfwkvfa
1472,zsvhzef@gmail.com,xceeaikzquq,John,Petillo,373246152,uboevbcntpybvzxxiprzltvkaridfatlcucw
1473,aghpxgkg@gmail.com,tthmxjyycmzmgdqo,Shirley,White,447268428,gbegosmhgwwldsnbgwhmjenmraikkhrulgkd
1474,omeae@gmail.com,pooxblddpwctahzt,Maria,Savage,136638171,ieaazzflbdgvxbpafyol
1475,skoiomrvcv@gmail.com,rcwjcjfamagumeq,Lori,Goodman,816135585,kusoruybrcuurnjphczcqj
1476,psmzljmbww@gmail.com,bjygouppcbudt,Rhonda,Rowland,772191146,ozmmajehincaxthlpxvwqivphvdklmtoao
1477,ioohoxjuk@gmail.com,nldbbjhokeqe,Lori,Mansfield,129090566,acfinhdxtejtnhaelwuioda
1478,rkvjuxdvat@gmail.com,brkiruaofujbslt,Helen,Lightfoot,931025836,flivpxokrkbrriozqzvbvbdaqbykfy
1479,ixixudsihd@gmail.com,giculoffmgpha,Frederick,Gay,131004883,heygycusngrykhaujkkgu
1480,ggiqrzodq@gmail.com,ikfxsfofbyi,Cody,Sinegal,14533146,svelxnpltrfzvlpnafnqxevjqsrbtypp
1481,jlzkui@gmail.com,sxzvjaakcwiwfqr,William,Irwin,532780005,jvrgjhmssjyvskbwemkeyjmwcrrwhyyetcxdfvx
1482,dbksvbl@gmail.com,tpoggyqd,Ed,Ford,543502802,qfzusaxnjzgbhtkmguap
1483,pdtrkjvaz@gmail.com,ruowkerrhmsyzo,Morgan,Thomas,902477541,uyzgdqxetazpphsnisksyudcrn
1484,jwmwhabqqv@gmail.com,blxeipagbqu,Anne,Ezell,127565755,izgetvgbicqubicxtnnufrgboqocmgrrqfl
1485,shizxp@gmail.com,frazlskkuylvbmky,Donna,Hawkins,826587601,uxfyzemtvwqjtxcqgelmdripwqgjjzzgw
1486,gcsslxzp@gmail.com,fkltpdmrzu,Kelli,Johnson,345916713,lkjmtmdugykvmferbzlnnupkwzpaizuxhd
1487,xxwiediod@gmail.com,utueinqupezt,William,Hamilton,429115747,ftgoqvnjhxickbzmsxcrwhvlyrcvgizrjthxhgf
1488,pmqtlgy@gmail.com,dbpzfjoykgguc,Jeffery,Joslin,507856258,lbqnkarwpurahnzmjdhaiuztuy
1489,xcoottrr@gmail.com,fzjoajybdrgcqrc,Donna,Ye,667555175,hqrpmirhnurmggpajsucaqzxzbbourtbnksgef
1490,powezrgefz@gmail.com,itelsxstxlypdr,Rick,Atwood,903172195,wiyhrehlmhyugcxkiftalf
1491,jovrdtsmu@gmail.com,pjpzcersjs,Lou,Richardson,139679288,koetiokbsntjbpvrgpfwqplbkrgbsbhmgbgoniu
1492,rueszhdsb@gmail.com,mznewnnzpbppdbh,Sheila,Carson,959041685,schultduxgpievckjgexbbtugglqvnsggnunl
1493,ajdjilb@gmail.com,rfftsizsusjqdc,Pamela,Fritz,990887732,vuiypxazypfvpbrmnqhethiai
1494,fboobbo@gmail.com,gaqvbnzcspiesw,Paula,Stern,233228937,xvtuwuyyxiybmelraslgclumt
1495,jglzbo@gmail.com,ezxylkgefvhfy,Debra,Haines,845784918,wtjhzoqbtrnfdvpxhyiwpjwgfglkwammgwikjr
1496,xahikkglmm@gmail.com,abklffzazwkkwu,Leroy,Hull,389721994,wpecgzkpmotgcficdvyfkcr
1497,rsdoeiba@gmail.com,dnkhhmxswmjlgzga,Chris,Preston,802640168,npbrwiuxshywlousvkgxlznyvepchja
1498,domtharqs@gmail.com,ldslxjcbpcluq,Rafael,Palmer,484524499,hdskyzauwlzsydynvhmgrxhpsdqhmiruru
1499,nouvmyh@gmail.com,ukpxaahgmhw,Gerri,Page,227844803,watwoizwhobfxaeqtogtihypw
1500,dawdli@gmail.com,zgtabmugkgqpykg,Doreen,Ramirez,10125616,qzpszsfokcmnkeoeerumvsvgsjfqota
1501,vrsnkcmb@gmail.com,ctrtvyxumv,Ola,Ali,130497231,alxjjidmvwmmhmxvexhzerujalvvjectk
1502,dgbojz@gmail.com,pxtwlrmlwss,Jessica,Davis,416101053,ejhulrdedslicisdteinopwljvdmzl
1503,mqkroqu@gmail.com,fapcexailkcvazh,Blanche,Rodriguez,22433135,udhfhvkfbrxwxtyuwqsfycvlvjfhjtkjdj
1504,llebcf@gmail.com,bmjeowfmnijjdqm,Laura,Baker,586938970,hndkwfjmjhqlfytlrauetlc
1505,qazxlkm@gmail.com,ctvjwnmlnbgyqqx,Jonathan,Helton,811162094,upwykpjvjipquajxgkosgvstqyidgrnmxocoxdqw
1506,rwuawh@gmail.com,ofmtsgyxuxodvp,John,Sanchez,78735690,swapboqlvkjrmtwtdddbjwy
1507,ufxhjy@gmail.com,zwthgsbrklny,Terry,Wadley,775608769,bizchviusbxrmgizmtpxbtorxshhyxypmou
1508,jyttaya@gmail.com,wawyagiq,Priscilla,Sanders,801810893,tluthqecxapuvobysbhvrr
1509,khfiuox@gmail.com,wxmagpkiqxhgn,Barbara,Morgan,34090525,ygipqzdfcnypzqwllutixftrvzpuvuvlv
1510,slyvphayki@gmail.com,wlxrkzxclybnlrn,Shirley,Hackman,409255722,chjmsokkgcbixkagjzgdlm
1511,ygvbv@gmail.com,ormomqnltdkd,William,Turner,854104880,caerrcfsudtmdvipgxhsbyvshrczprujptzvsf
1512,wkggymzm@gmail.com,btnwqrdnuzm,Helen,Ward,881607491,cxufwtmaoyfpxqhjjmghkzlzbakamhkk
1513,pqzix@gmail.com,wwjohimedoktntqy,Bernie,Larose,829522683,zzctoebtnszriituwxvpsatscjnqdo
1514,vvfwbw@gmail.com,kpxcuqkdicnjj,Steven,Blankenship,509707364,noygrealkuvzmpmcjzewglpjemjuxsgha
1515,wsmdm@gmail.com,kxauipjqg,Lois,Randolph,837346221,pherkaovfevlhvuzlfxyhdckzwei
1516,zhzuc@gmail.com,llmgolphvlz,Joey,Silva,874986422,hqauxdwfgvnpfycaoqzzvuwanycploudbz
1517,azxoqmxmkg@gmail.com,pzjxvobcbzsxsn,Raymond,Henderson,248421967,znvohxzmhjjjlgrvdbjzw
1518,jouiddmho@gmail.com,keenhfety,Iris,Cerda,791088017,militbmouhsxwkjkytnhfygf
1519,kvqiijytua@gmail.com,qwdjlhzulwe,Stanley,Bloom,150791801,jphtizowknzowviqqyen
1520,gnhrtcbo@gmail.com,zssngkrb,Melanie,Parsons,252491239,qvknsfyepaowivyazfcdiopbreylkmtmtnt
1521,lisqodktv@gmail.com,hgdtnzhwz,Mindy,Simmons,597639424,raisaedlivaoryungryryzyve
1522,dhaknbigq@gmail.com,luwklsrimbie,John,Edwards,124603201,orzvgtyymsjkhqxfypkjdhkddunkaanpkinpjn
1523,eqvsfh@gmail.com,xobdpfzospsugm,Norma,Anderson,430933999,zeienbzedcviwfrzsnomjum
1524,vmcgepk@gmail.com,ncqhqtxml,Adrienne,Colucci,807283841,xlhgkisulmgltexqpjsidurscd
1525,stksvewfpi@gmail.com,voaomfswdqrsg,Kent,Quiggle,204506575,ubarmunuefojejutpcgahxagbubjycda
1526,qugff@gmail.com,ghpbdgkh,Mae,Trawick,834242179,xumkmryqxcgicvkmgvaldyypyqx
1527,tjhotjx@gmail.com,bbsctpjv,Heather,Martin,632397735,uqomcrcyczhxejnpqdaatdajiazchyitjo
1528,jlnwxosccu@gmail.com,wmlxtitup,Michael,Veselka,324957335,hnxdxxnxubybgdvbnvhfilbkpclhsrwscpbabh
1529,srrotuhbk@gmail.com,jsuzpifkw,Laverne,Ellis,625467381,ojqhlqcjgozbsqxuzcwqifvk
1530,ewihambock@gmail.com,lucbormi,Jamie,Ault,221514266,kuihvhyulazucpgmqecornykk
1531,iyeqvgbheq@gmail.com,smvxqpsoscs,Micheal,Acker,207353784,ztuoptawxdikhicnqcndmfxwia
1532,ekxgatez@gmail.com,zzkjzyeylpssk,Marjorie,Chappell,41479371,yjrikkeidhfcqyxxkdydqtzjuoakspzkvlrrjo
1533,jljdwmez@gmail.com,mgcccptlsq,Kimberly,Burkins,422802003,mcwtylmzzwnrjcmacycaaonaw
1534,gjagknmwl@gmail.com,hfyexgemeqqe,Dorian,Fogel,212471010,mrzmevofojtonfuaswsaasvvgjsy
1535,esozbmtoou@gmail.com,cwsdvpaieogo,Charles,Hilty,832637072,adukqpwyzzbbiomzztnop
1536,rrctvaiz@gmail.com,rdauemcswuxu,Arthur,Wilcox,822229527,gdbkifcxuahrlkgensuqjwwtkkpcqtam
1537,ilutfza@gmail.com,wmzcqghihfyys,Stephen,Jackson,14085545,negcqjkpcegyjylsztykeqtortpridoenqnvwo
1538,vtrchhjt@gmail.com,bypblzxb,Jarrett,Elias,999365374,tcwbtidtfkueoqpnysfhfmprjd
1539,yterfuust@gmail.com,poniduwxmuvwrk,Karen,Reyes,589498365,ljzhqaxvdkqkpxrxukuyt
1540,ezaptg@gmail.com,mkzxkrfby,Antonio,Hines,133543419,mpoyyfpfkqzcflohzlcdpmwuqour
1541,vqquyo@gmail.com,yuvryzxciwhmepz,David,Daniel,700990972,ojiwbmpbgasgbmnljtnyv
1542,dtbbay@gmail.com,pngggeizcw,Mary,Lloyd,627588241,qmsxyzxfdzwuoruwscifwwo
1543,jjluaeuot@gmail.com,iwknzzfmz,Edward,May,765112874,sjwaptdhormrdlkdcupvxhqry
1544,wvgxag@gmail.com,ttsnnloe,Anna,Mahon,507073523,tjypscpwhuhseehhrtpsgbplfopnvmbwaaqmsd
1545,gkipqf@gmail.com,nzlvonriissepai,Kristin,Riley,50480168,ornnbjdcxrbwkwnauxjanmlaeuomu
1546,awqbfz@gmail.com,deejytfvdbpakj,Mark,Cooper,948222578,arozwomwcpkxsuknmtgvcklsvfu
1547,dxphjyn@gmail.com,tslkiglz,Brent,Fitzgibbon,8704644,zidiipbajxikrfrktmuqhmhthugcyqdaxrkzcbr
1548,fnwaioyzsq@gmail.com,slcidqatdcqgx,Thomas,Hodgins,306750166,uxyicjudysoggjqyvbendcsmdbvrj
1549,hzoyjny@gmail.com,sxpqjmobq,Juana,Morehead,628953949,xqerqsurwsqjvcnkgeeaiifzeaffkvbfjzx
1550,oiuhryuxkx@gmail.com,iywgfcolpjzbhou,Josephine,Trainor,96880297,yrxeywpdkzfjncnmrygyl
1551,gffbkrm@gmail.com,qwgjhxtxmx,Benjamin,Albarado,121433784,qswobcswtezkurepzepetrvzroaylbfhhx
1552,flmitmnic@gmail.com,vsynemzs,Henry,Yadao,630743094,wboguwqvnlzqroiqsrmsedhyyk
1553,csmhluudgn@gmail.com,rsrjajqfhfxuctvb,Mamie,Arnold,951088555,kpkbkabhoxigvvdlldqlluvvomkmhjrrlh
1554,ycrvil@gmail.com,oxuanrhwepmvb,Anna,Riley,136931710,hhdxmlaxotrsykvnvzqnwpbtxcqtwyjtotw
1555,rxrereb@gmail.com,vshpfeenr,Jacqueline,Walker,733900195,pgjrruddxjocklgjudnqjendbnnvzf
1556,zacxrsaab@gmail.com,ewtbfrqolpfm,Debra,Henry,384974748,jvwkeupcswwjsyrqmndcawjtemtfcbf
1557,cvkkcxhdv@gmail.com,mgbyqvfguswruq,Harold,Cross,833563255,qneuvcjkkkpxwkcxzqgogn
1558,ilnjze@gmail.com,uureoggmwwazrp,April,Duchon,25775107,vjmldrxcwdtvtqmvsofnfeffcrokympuguibrda
1559,nsahf@gmail.com,uqccwmvbn,Francisco,Boulware,339226869,ycrvucdijqwsnhosufhvzqimcoypqogbekz
1560,zdrvsoux@gmail.com,blyaeogmfnqrgg,James,Jackson,715065420,bmzgygzcqlgdtvqcvappsh
1561,sakxcx@gmail.com,bxntczjxo,Kenneth,May,533489636,mggazepheadbbcixoutcg
1562,lybbaykvum@gmail.com,vrggqupsjtjccu,Gilbert,Byars,740881799,dbckwxdysbsltaostutawfpdobqgfzig
1563,hddkrqyqul@gmail.com,zndvpngzbsnz,Rudolph,Newbold,880459776,hmgbckyzxvgcoxsyusznedyvntgfnoppuchwlq
1564,earnj@gmail.com,lkwtopwl,Beatrice,Cooper,359922725,dpnzpxdalyhlbqmnsyotxrgrcioufqotagvpjyac
1565,wtlrb@gmail.com,iiiudsneztw,Stacy,Fisher,146539906,iehiymrjnvltecmmmbongxpdnrzlzqtuioxjqlfy
1566,xtalmylqf@gmail.com,mcsljcowo,Stuart,Johnson,101671984,tfmphcbygxofspxkvklavrsrvjkcus
1567,sjevxhm@gmail.com,xgctvoofejkjntj,David,Kindl,475693931,bhhdojqmyixsjlvdvbxvsuhutlk
1568,zbqqbfvor@gmail.com,jmoodrpyezvfdz,Olivia,Baker,466128758,wiqurouncbwkdkuavissswdiukmlzmfim
1569,aauoljeznh@gmail.com,xwrrdncfmfsjpm,Eloise,Phillips,340002909,iukcdlgdapulkxycrvspnggvlzqhpafno
1570,xnfjtymosu@gmail.com,fugvqemdu,Nicole,Goree,697015094,uzklbqmgqrusaskdnrxjd
1571,uflsvbb@gmail.com,unsbeqqlexrdi,Don,Gibbons,887138604,dgouueoyppsnhtepqdmcal
1572,iyrvqka@gmail.com,ypxhkmopyvf,Maryann,Hopper,441448665,msikmiwzwptoaqhdmegcngqiagjjwsllxdo
1573,qriwfxqza@gmail.com,yijdxxvqr,Luz,Jurasek,118823370,qmfnrrdyiexdpshfvfnqkouogjwolunth
1574,pcokor@gmail.com,nxaiwrxardcf,Jennifer,Greenwood,448769578,nyuxrlfxeaubjlxxqxpplzuzaensum
1575,uqpljxrgc@gmail.com,epnxmrypwe,Rickie,Coste,711259459,cypupvxsimeaupcondcuinkhlmvuxjodqmvftb
1576,vmpffwyjp@gmail.com,evoadagth,Steven,Demps,535511272,stuutrdddbykqwnnrimcsywyeyqfsfgfynmoxr
1577,iqtvh@gmail.com,knkwotob,Robert,Patterson,305807246,tcinwxgalygtsxbgcbyxrurzgrtnzbrabeofec
1578,ogjcuyxeuv@gmail.com,bpbyjtay,Steven,Morgan,743540925,qqmnaormhwzrymdemwiekkzkdrqaqf
1579,asewexa@gmail.com,cujpjdpefs,David,Adkins,475136011,xsygchkpcvdlktrtaekard
1580,fpbcsnp@gmail.com,xxxwupiaothh,Annie,Harlan,903387493,qesuooxshlehdbygxlqljcswm
1581,xtdnfyqdwh@gmail.com,xrdfbkezbmvpt,Billy,Wormley,653843291,xpwitzkjnarsrvwbhojrhceitgvhrdzw
1582,rpwalh@gmail.com,fkgczkdk,Jason,Rubio,416129571,ctonvwhgiurdoynlnylfytsfakzfijepfknx
1583,fpkyzfnem@gmail.com,unotxbyvkedcl,Tijuana,Sanders,17278808,wzklukjukdciditspomzbdhabsnzsphaafy
1584,bzlmkwgjza@gmail.com,mnblkdwbmikulssr,Carlos,Pipkin,995586298,vxkzznagcftoiavayoqzbn
1585,apvxob@gmail.com,zjmznpgmuz,Johnny,Escamilla,609541129,zrdwebreanizwzeutrnvys
1586,tycapvtha@gmail.com,nfoimluveapdgjr,Jason,Gehringer,405621534,jicmsoqkwucrqzzmafhfqcrcsasiidjbbh
1587,yzpkznd@gmail.com,sftnieusgyzj,Karen,Gallardo,510492014,hukiakpychycdttfokmbhhtbpwdgcvlyi
1588,ehgvut@gmail.com,buxoinan,William,Storm,665603695,dobdwrwawtmqhlpqglyvah
1589,bteqrotl@gmail.com,oukwqwgehjiozwlw,Florence,Austin,340090639,tofhcdolizsdzdnddrkcumndiknafwpytf
1590,vcpjp@gmail.com,usaokjrixiapjyq,Claudette,Hayes,249899173,jtfkbgjgkxlingtfjsffnfvafugsjrcvtf
1591,nobtlqylz@gmail.com,rvetfybog,Karen,Cook,676523609,rwqzfxuzjnnjqqzddewgjhqbway
1592,rslqwmfbau@gmail.com,svekrvdvjqvw,Jeffrey,Parks,590419930,tmymbsufiouprgyeamoorrqdpfqz
1593,hgunhil@gmail.com,wkajpjksefwycf,Suzanne,Crawford,256399128,moqjhmldukauvscbwtnbcoilldqrnzphhk
1594,ixrgidqdgj@gmail.com,ptdmonvxlrkug,Heather,Taylor,548970259,ejxjywynmnhcylhgowbcpcednvupvqkvetzqaxd
1595,fsqnwqvr@gmail.com,wowzrtio,Herbert,Williams,313142226,zuabjnvrdiokqpcpvdqkvxijxjdzosjjulykpi
1596,lmjrscdrb@gmail.com,xgoczhezooniw,Charles,Saville,707201101,qgkuidryepkfwxvmchioyavmbgizisruvmedzitj
1597,zppcrcl@gmail.com,okljbimcozm,Thelma,Kelsheimer,775478692,kybjoclztvvqsxbrnechbpdlohoxfqrjxwbs
1598,daazxmxy@gmail.com,noeaxyxv,Marilyn,Smith,169748206,wesbozrkxwbvwattsnynbsceahpawwgv
1599,xpgzrn@gmail.com,epktqdpsp,Melissa,Brazil,183422372,oyvchzdxtxllhslcvhbdtm
1600,qhswa@gmail.com,zlatlrfkizzelrtp,Raul,Melton,442613232,vwccahdyavyklhyscvppxzrvbrcj
1601,drmnwk@gmail.com,rvpxkjdpjjosxjzt,Lizzie,Renfroe,280194125,apfdwrfejdqrifapdqcmxqxwcfssgv
1602,cnnqo@gmail.com,vskorolscyrz,Maria,Moore,464381659,vltobszqntoopgbyseypsulpcfaaajmxeyxpsjs
1603,jexmfi@gmail.com,apuajvsdw,Alyssa,White,728872797,amujwsutcjruftkglmorlhcvapflbwfwcz
1604,erhntabbq@gmail.com,ihysuctyjoat,Guadalupe,Lopez,891596806,icwmgvgvdlaawcnoaaebobj
1605,wxksa@gmail.com,deunvjgpanf,Anita,Partridge,772946705,unpgconewqvvvscsinzjmj
1606,hhyqwxcnmg@gmail.com,orcijeyfyllj,Luana,Vinson,470839350,afqsqvqrtrqcswldtllvsmyjrrzzxhmotedmksf
1607,rkvxznep@gmail.com,nxvxpkknvzhttjz,Betty,Johnson,837082029,hotstddprpdaryddmjguon
1608,oelebztq@gmail.com,bgbjjptfytibv,James,Kiper,582977331,sicunibeltkuebkpkqdxriryyeivitsqchijzm
1609,yhygqmsnp@gmail.com,dlzffeqs,Bradley,Moster,533672395,qcjlbvqvvhsazycrzftqswghfzrrg
1610,iiuyhlm@gmail.com,bppvhhlnl,Oscar,Flores,116513619,yncffdrmhspztdznwjhgvcmhkpscer
1611,ffnuu@gmail.com,lkgtnhkseplwdcm,Blanche,Binder,312723813,kthaetwrwzrbpsjjlkbitzfcqzd
1612,fnizv@gmail.com,ngqotkjoajpxne,Norman,Barton,892620287,fkxycpowxnigdxkpwisomucxqmns
1613,waduvyaizo@gmail.com,ixwlvtzyrt,William,Cano,731387507,lqkxtgymtxjkyhkhnedqrkocywxch
1614,lngfo@gmail.com,jqjrphdmpiakytm,Diana,Fox,833027807,teutwumxapcvuknuglpyou
1615,edxvbawcu@gmail.com,xnypdqwtef,Michael,Woodruff,351913975,ogwedcybtfkeimycfjpvynxmravkpd
1616,jzygsni@gmail.com,vsmssrhrelxx,Kathleen,Boyles,568201334,qpitlafspartuvglenbtrgjhwzcheyhptjzjafys
1617,ivhfbqfnpf@gmail.com,hxnbmfzgyrrixpey,Kevin,Degrate,988799557,irwutgctxbdiqhucofzitp
1618,uzflkygs@gmail.com,naejvuuzrtjosk,Bryan,Jones,435863634,rgfwdwnedwyjpwcvhtzpnnripvbyelbyhp
1619,zifzsp@gmail.com,ahmpprpqr,Altha,Aviles,142622952,uryjjohbdrygppuugoqclylsox
1620,dcegwpa@gmail.com,uibyppqahwaz,Elmer,Rabinowitz,804025936,hbsmkvtrihzgciroxjhkc
1621,gnoysmafct@gmail.com,dnvhpbrxpwhelbnp,Hector,Alcaraz,763402747,uqmuxypoircfdzozbvdgshnm
1622,fklleaf@gmail.com,nzykmjlvawnfoh,Stephen,Warren,680613428,ycwwpdfurwdmwquyojeqtt
1623,lwlwueh@gmail.com,hbmikkyjhjq,Laura,Bolton,703443123,aetzccsfpswdghwlljtziwuh
1624,xudoejswo@gmail.com,huickwmif,Jasmine,Anderson,136614019,oankiziifzptsbysqvfolrxbxaujethbdhlzfsp
1625,cmtjmwknd@gmail.com,udfzgqchlhilzry,Zachary,Barnoski,126599595,bwduthlkitfccgmxxqadoavtzpmbjabsqotrfbg
1626,kghpkbu@gmail.com,zlgcvfpvy,Jean,Stefaniak,67012461,jsioohgrkugpyszlnglrpwfytoix
1627,ctkfboke@gmail.com,gnjoanmzmz,Justin,Torres,934133289,szfcvbstjxwvnfkzymtdstbs
1628,dkwlcuaku@gmail.com,zainudsrem,Philip,Cates,164744759,zqtsqjrlqtbbqfgzqgbhqfzbjrcqkmpq
1629,oetokksicc@gmail.com,uvqnzdqiywyvitk,Claudia,North,567033464,oaepnxatjaacogrciwtuvlvkiug
1630,hnhhkmmksc@gmail.com,vpejnllgjuksvtz,Virginia,Moore,271961477,peqdjzmjqeypehqiythbokoxlrjhocn
1631,tfvggtg@gmail.com,ushjlkupkyljam,Betsy,Padilla,249083102,utnovbksmusqfkjpqirnukm
1632,joxcyu@gmail.com,ghzprtng,Jerald,Miller,258716756,hiraliqarifgllzlpheotyzmihdseah
1633,bfsnpi@gmail.com,pngscrjsjw,Tammy,Veal,320517000,vwdkspolbaqapsphmcqjmgzfxtpqryzckpixd
1634,kifewjvb@gmail.com,mwrjglyskvno,Nicole,Ellis,332336177,ppbgbgamqdpozinxuopwrfusieo
1635,gqblpvw@gmail.com,uvwoucmlmrzgzrzb,Mathew,Way,674446144,sbzeqvywcwfecwwuqrerdvfsxbpftwoxzzedfvp
1636,mybtyjbw@gmail.com,ocrajjijukdisup,Alfonso,Melgoza,458617016,qpgambzsmmyefdeweyrdnwqak
1637,inhzyzp@gmail.com,lfmlgceqyyxzlbvg,Rolando,Klein,201617774,qeorqonryiuojokmldhrmpone
1638,aafmghlked@gmail.com,jovoleefz,Ryan,Elzey,639148512,tnuiaqsvjfdqjlglvjrrtjpseemayqgxcafpd
1639,iyzgkccl@gmail.com,evqekpzu,Michael,Barrera,155931065,exlryszmtumquhsfdzfnnkgoe
1640,mkpiqsclk@gmail.com,nerxazrcltwa,Jamie,Shoun,995773711,mmdlmepyvexaviybffjhcewfguokvwjjj
1641,hnfngynjej@gmail.com,wloahksdza,Clarence,Gould,769654964,lernpxqavvzyldntobyzcoehzentkbgl
1642,wfdhkshwl@gmail.com,axzarhvzkvxx,Maryann,Desmarais,342105819,ymkdejndbbgnsvxvongdjmkhjxmlruxhsknk
1643,evrdvbbx@gmail.com,msemkxlqcx,Lori,Slade,319239161,swacjiaxaqkabftxthweydxhwpeydsfegekczso
1644,hskkvoca@gmail.com,ftelnogd,Angela,Harris,265773546,fjqmqowxgguhsdphoteetjtiuompiz
1645,acsgfpacmg@gmail.com,pzftpicvhztf,Patricia,Jackson,976401861,hwcploxrrnbfjrstyurqncm
1646,nnqzrq@gmail.com,fuakvrawxyyw,Michael,Proffitt,152162486,yibjhwtaadumwmttcnnailsbxebetcwotgmuxe
1647,rutzqlnbtc@gmail.com,okavprefkn,Arthur,Neubert,198178029,wwjegmpeqenmirtqyrze
1648,yowcohg@gmail.com,totacuxiwn,Anita,Rice,720949983,bagfnlpadeaailabxwsidoqgw
1649,fvqzf@gmail.com,ailxvupqsi,William,Elmore,754014424,koaplswylflxrnwnohojfpzuytzhmklnsumk
1650,brbepqcqx@gmail.com,jpnibrkwirc,Christopher,Diaz,582519714,mepsdqlyceexxmwscixhystnl
1651,qcgbgokx@gmail.com,qiuaulxvhs,Lucille,Martinez,278709723,vursptxuiwqbedankqqg
1652,snsciwlp@gmail.com,mmqbsqaqqzgro,Adele,Myers,271316649,qflylpmtdiksfutpmzqryzthhgvgsobsa
1653,kqbfhfbybj@gmail.com,mbhpkpqntdl,Michael,Rebuck,752757615,zmeumrqmlwzalzuiosihptwkku
1654,hfylcnmr@gmail.com,taumorje,Mildred,Johnson,335421611,qsllpryuccligyzoljvzqvrctavcyuwpnjpuopft
1655,nmibvqvrvk@gmail.com,vbjhvbwavecjju,Karla,Morlino,623570144,yanguwcsknbxjpbhtshbflksryyifptzxfurhryq
1656,sftdipt@gmail.com,oarvbgdymeqapo,Carla,Manley,745074970,qazmfsewaxseqytwkvcdcgcbksenyll
1657,lozruscbpe@gmail.com,aswyiyqdvkz,Regina,Obrion,445504549,qmpjvtlssipegfrqilljdoushcxtxbwa
1658,cdemzcc@gmail.com,wudkvvgdetenqvg,Mary,Tripp,327876693,tpprtpkrfsbkbbnlnlqxhcuvygibgqtyozk
1659,odvwejuafu@gmail.com,suwppxdchhrqf,James,Comeaux,260486876,oqvmoaqnjrmgpzaquairnftvdgg
1660,htefrc@gmail.com,fwgidencimur,Gertrude,Jones,366043374,jyrrtmgquhbtffhwhdmhwvyeqcekt
1661,mbvedn@gmail.com,glunzupmrelqpueu,Micheal,Laureano,19261794,zapqbmoteoqyvgeygjomibqszyb
1662,bobqz@gmail.com,ugauyifyexasu,Robert,Rogers,327329272,zkushmlkzjbasqvttmkpbrqkdbiudgvb
1663,qfqqg@gmail.com,stccricqlizldcd,Rosalba,Schellhase,820162214,sfdiprjelsufyrujximbsmnfktntytgs
1664,zsaeqsnf@gmail.com,fwqcyoxhlni,James,Anderegg,961470743,banzrpkurdvcvvlskqqzeo
1665,lonmcprlz@gmail.com,mgopazuymzlxb,Dorothy,Krumwiede,386925420,ivhqdthifsfovozujabeslarojqarr
1666,kzzptdmmm@gmail.com,dttjlncpxijpmlk,Barbara,Davis,286960991,jfmhymvnyrirtmxhmopnmurggcfduwvbmm
1667,odzvsc@gmail.com,vasibwkpabiuae,Robert,Macdonald,151517343,vuavotsmqkjjeukvwqpudicbjhqnhhlekjipzmgq
1668,tpudygne@gmail.com,ylluoxjicqjrbts,Wallace,Lee,2039271,mtufanfuesneszeimwrof
1669,iueuh@gmail.com,wpckdsjclanbqjqs,Richard,King,173829748,dsfyqkdvbknsaxwuvunv
1670,hfauurhsg@gmail.com,uetpyrwyawo,Vivian,Provost,203474766,mrrdbwiqtrxyumnvpnwcc
1671,plwwm@gmail.com,kkiyiofwizs,Andrew,Tapp,88094514,vqstmmkyiishzrnqpblbcmwpqeukjiichycsbuxy
1672,wpndbqbiys@gmail.com,ojfpirdwtdkhh,Larry,Brooks,181395750,cbhzrdngpojgrhpneilxfaemlvkmuryc
1673,ezjet@gmail.com,tsyaplazqldkjra,Keith,Robertson,49476710,goksdguyrggkeuhmtppklutqz
1674,mmtjr@gmail.com,zbjnlzhwrb,Jeraldine,Mulholland,736859734,iedutszoyiadnnsogdguexi
1675,vyxzkzbyc@gmail.com,cqbjhsyim,Richard,Sullivan,619206999,jwshuhyfrbiticfaeanrhnodptqssliosolhiwp
1676,glepuyx@gmail.com,lsntfhdgjo,David,Mccoggle,905547360,bpzzkuiftkrtalwwxxuukcobmkkenpfbak
1677,bsppgeiocq@gmail.com,feupfizuscthjjd,Jessica,Barnes,840690238,zppzxunjstworpfqizgoemuxxfvdgdmhi
1678,wlios@gmail.com,rraqwwqwmtq,Josie,Santiago,10155,imbusaieahcidrbvshwy
1679,suyujg@gmail.com,hxmdjtsb,Wanda,Hurd,870663469,svwmycxthwdthouipoweritewdqvzrjfpiklvee
1680,rcnnvch@gmail.com,laijclcdqbqgi,Robert,Valentine,42778195,jsvscoxgahshdpsvhxmlfm
1681,iwmvo@gmail.com,uvwleghhm,Melaine,Lanzo,590685292,qjlaonxqrtxejstfkrmciqrwefswfrfucophfaox
1682,zpqrhl@gmail.com,qaxtabkzibbfnfr,Kimberly,Gilliam,777427186,zuvasvbrvtphobxxgmqfahoxytpkk
1683,jilhqnjv@gmail.com,wznlrltfzkxyc,Angela,Parekh,169417170,swrbhbiwysmbijvwdjaezeuvkj
1684,ahhheghr@gmail.com,ujmpknjvanaqlqeu,Jason,Hicks,638802751,mnoiexolexjcypcphfrbgxvsfam
1685,fkrqesqahe@gmail.com,eqqwtkwnm,Steven,Hummingbird,378248453,cqzggeloqlfmlpgfuxujbqqmxpde
1686,ajzjicpb@gmail.com,hmzqtqfunqijjnku,Judith,Warman,270689313,prwgblfdokiivwdeaexlkhfiq
1687,htnfgf@gmail.com,wyplofllateerqhv,Ina,Roccio,308319529,xnrdvurcfrobwnszhopggktsobmulvxmhpcig
1688,aapqlddel@gmail.com,vmzsmdmgypkpbmj,Mary,Hodges,425583523,esbdqftjysosjusdcnunbkksohtelfui
1689,zqwmngop@gmail.com,nyoocopcl,Janice,Rizzo,159357170,miezonzxxxsozduqysyjgnbfwyvpupxtwpqyzjw
1690,wsbiohzaa@gmail.com,iawlvivegbkxs,Martha,Porter,446098898,ztfuwljvmdatybytaehbdiynawkqwwlazjlrnqij
1691,ouylg@gmail.com,vapyplrgdwb,Robert,Hollingsworth,366505936,akavnwehndjckmebjxbxsvsgbhxbcektnvkoxy
1692,hffgkeac@gmail.com,mlctsyessyy,Sonya,Baldwin,268820560,liyqyuafquuuibjagmiavdjitxpbcpriqmlpufad
1693,ikdengeff@gmail.com,idvmjfcxrttx,Jennifer,Chen,498334941,xaymjvmlejluknfghqelfbsfdpqj
1694,ihqyiaxxn@gmail.com,tugepusjgiat,Gary,Cullen,210715619,valicgvzcrwhadksuoyo
1695,pviqffea@gmail.com,ctrrainpeufdzs,Janet,Daigle,833874483,gwonroogjqynbtmsxqhupkcdtq
1696,ppnpoqb@gmail.com,ngyrmzbjwkget,Alma,Aburto,105309517,togxoxpexthzbtguzudjeazjkv
1697,akjekumqyw@gmail.com,pvrptzhdxh,Aaron,Radsky,96028011,qlklcygzbxtgoqleoinrbkbihsnuj
1698,eokkclul@gmail.com,kskfheusq,Joyce,Newman,342222382,pjfqpdcyxbnrwahylpkeujh
1699,vyrrlqqtw@gmail.com,bsympuixif,Taryn,Nelson,895392579,mxzqvscqrksvochixzvzmodttnjwvqeshm
1700,jclsrthoi@gmail.com,yddfgqpbfgchrype,Seth,Harrison,451157214,acwlhzfwomdhoixwnkcrswudsvugonahqsgj
1701,gnaktk@gmail.com,dajsncvbofh,Devin,Pugh,919203172,qvltbthqrszlkiildwnxpoujisczcymvnuuvam
1702,ttezx@gmail.com,dafrhjnucunpvdtu,Rebecca,Mathews,173684428,kljyjoobvgsxmocqnlwosochyhurordtogmuhs
1703,rrhijozw@gmail.com,qtpxiaziqkxhyoy,Lillian,Boyce,659964870,kgrkrwpvnhfvpbmghtfrimuyubixkfegjhcunx
1704,akpsjnwr@gmail.com,ihjibssmnwzflb,Keith,Adams,417054215,ywjvtgtomtlbdntcznywpbkekxokd
1705,rhgymqk@gmail.com,hmsrjyrk,Donald,Aguirre,348013865,jymjrfeupbkdtsdgxltvj
1706,kmyyzlbt@gmail.com,htljqgpzyiwjqla,Kevin,Ferris,84516420,vzymxyltpsejhcsovcudgmbnebzx
1707,impmlrdoti@gmail.com,yvbajxdlgqb,Jeffrey,Price,817392757,mhowtkidhamrmuvnbutobgnl
1708,qymnpy@gmail.com,kpkjwbgoll,Courtney,King,870009915,gholpjvvodvdfkljswmdavoadnpsuwtubcvuibyb
1709,rzbljfqxtk@gmail.com,cfwadpeslpvkq,Suzanne,Ozzella,39438720,vbdhkwtakeziltjtqjinyvkmlnj
1710,uypvcsctj@gmail.com,viagjvohr,Juliana,Mair,191630437,vrhlkqtmwjjknbouukhbev
1711,tgxyd@gmail.com,twakroryvkoxcbj,Justin,Stewart,650209975,zicpqwwjqwwajamfemwadmnthirclnizb
1712,ooiejyw@gmail.com,qykhfdlktdaxqvnk,Mark,Krone,567051742,waroercwscmqnwsxujchsqsqqcrnw
1713,mzraughw@gmail.com,vgpdrfvj,Mark,Reph,176441732,skwtsytvrmdbfsnuxvvoh
1714,yugglbc@gmail.com,uguuftwfxtujxvpw,Sherry,Simcoe,205144471,cblurbjydestwcmvbbdhwqkwgklsdhtulyejovj
1715,rtvwmnvp@gmail.com,agvglcehqkyhfrli,Joseph,Berntson,808866462,rbovuauwrqkprnachzhlimghukck
1716,eezgk@gmail.com,rmtkqmeht,Ernest,Smith,920119568,zndpmppunbixgemhisgmceejqqhnqmhvwmfmzrcu
1717,ivkxqea@gmail.com,ueknkzkcjcx,Desiree,Landaker,988589040,pncbiikaamjbrktjceaadmecsjqpxbmltrixflz
1718,wihiuqk@gmail.com,yylrwitgk,Jonathan,Victor,315604749,shqyokietrlyqavokvrkyrmqlsjmwgwjelnadd
1719,pyyrimxsrm@gmail.com,xgcebrtqueyooj,Therese,Hansell,243676855,gpnswhlqmgzclhurdmiphrvuggyvwvrp
1720,ubpabp@gmail.com,tbqjbnoxih,Janet,Feltus,413925474,zfnbhlencuncnidehvkezyblvyvpfp
1721,yqrmdqdds@gmail.com,tatkeegzfcqwtbvg,Grace,Richardson,404502783,qehxgwmbcqnzxneocgzray
1722,gritzatri@gmail.com,ntwexnozen,Stephanie,Menzies,775196550,iisdkbonsctdszibrjfslvgsdkwfowoio
1723,gpffmtbole@gmail.com,ayzlesccpvmcf,Ronald,Cagle,271549237,fetnimrkthkmkxchutdjwqchxkigfxhnyivyim
1724,wsiafzy@gmail.com,uijjtxowujvic,John,Davis,861660954,fdqyijlrwgbxinlgxdarm
1725,qmxtlpegcm@gmail.com,duvtpwnrnecorq,Andres,Huddleston,508924002,kmmaqoanaxovureemgrqnat
1726,fbdufyzr@gmail.com,hjwnakhdarzmvo,Elliott,Garcia,328991220,asjlritabugumzweeywzzknbxvueaqpdhxbhhdhi
1727,zamjemsu@gmail.com,soeprlmlknjb,John,Bonar,360618027,nisskivkjbwaatpxyoxhumttkxsdhmowhoyo
1728,tikqpwbhgt@gmail.com,tfjybnqxvvaq,Robert,Nissen,32840281,jaxzkiwrhjvvykwaulhkkmiafirbyxlqerz
1729,imahdkfqxv@gmail.com,bcnzbftors,Brian,Ogg,723155117,kqkbvvicjntotwyhjfrleowsrmspdbmjt
1730,cgkhnck@gmail.com,tsmjxcbusmifsqi,Maritza,Davis,209063295,zwxvukytftychfxdpjtghkbkxr
1731,wuzcdbmb@gmail.com,zydjcrqrpjrxckw,Lloyd,Sayre,907129453,szimbqfijxrsynyfrlooctdnzcpuamatvemibclp
1732,bcoli@gmail.com,alhmfdyi,Gary,Kearney,776749987,mkgzmkilwnftvwgfausagqccquhngdwxoynqdtc
1733,kxgfsags@gmail.com,hsmrjvmvvgq,Andrew,Talavera,72173879,pcrqiizosaegpmnzahhpshydadilo
1734,byxgb@gmail.com,dgqzmyduskzhicea,Wendell,Padovano,582160632,yxqxwniwxirhuddatcsbtmrwqe
1735,judydfaoxw@gmail.com,jnjingangykukzqc,Ruth,Buck,368224475,rebltqnzcheqmgwmuvpzc
1736,ipaftxs@gmail.com,mqxgaxky,Charles,Hawkins,80265663,hgavzttgjtwjayqgcynlcebbintz
1737,glalvuil@gmail.com,ormnelzy,Noel,Avila,692126407,ckxbrzkxvsrodryehejplusftfvkzpksc
1738,rzpuepmvvu@gmail.com,fabpqfniztkhp,Benjamin,Hancock,991917751,alzrifjzifxzuuqqkfgxytev
1739,kzawnle@gmail.com,lxirvvnrfqzb,Deanna,Sanders,746413766,lynkmrybeyamshtumorbouicnbofoezaxvwi
1740,izmie@gmail.com,xhtkrfnjmbudxp,Christine,Mitchell,211851999,sdktaarpwemvncgsuhskk
1741,tsjevjgbgy@gmail.com,eqxdsaxjmz,Vickie,Killingworth,110426168,tylptdoferoirpmyxtyhgygdcdnkedgbl
1742,vtvpsr@gmail.com,qepjqxlezq,Meghan,Perez,16248740,kqguowedseymfszluhidsspqvcfmrovyqdh
1743,icethbtvi@gmail.com,isugeprycf,Randy,Robinson,9865163,ahtzpzilxfloyegdrrxplbkvb
1744,nwowayfor@gmail.com,ieolbmct,Bettye,Elder,975699,crlqgsczopqsmyjrzvhejd
1745,xtrvzc@gmail.com,xfravbsiolzweran,Leslie,Cash,141706481,zmmdxryvesxtwoqpqvaqtpryxibv
1746,tixnm@gmail.com,tdvocwjphtkk,Heather,Duppstadt,505504332,mwxccrrovzxybrtikjpysdsxqyscqm
1747,vajvyc@gmail.com,oqgplelncleqdyhw,Victoria,Perine,235435831,kmdhongxiokmovyxsrnxjxyrhcsyexaz
1748,blxomlgdb@gmail.com,lqcezbogytht,James,Goodman,398964082,hltbcjdkigijobqsxfkguscm
1749,invfiyw@gmail.com,skazqixrewhmdv,Marica,Evans,780060060,whyvacmnsgmiqbdbbwbvyypcuemeystap
1750,fybko@gmail.com,chuykcsfpia,Russell,Perez,899467616,ssxwagsbhhrawtpvhwew
1751,wveqgu@gmail.com,epdvqmpmka,John,Palmer,944416501,qqduzatgtcxsaazoshiu
1752,brunrkfz@gmail.com,dzpblsrtwe,Roger,Tith,253285487,vmxiricjibjvwcevnhvauutteswyelystyvsu
1753,iisugceh@gmail.com,caqlsvmkcu,Timothy,Moore,104407895,oinfkrqruhsmnwahetij
1754,bzxzw@gmail.com,oqzscczyzfziiiju,Opal,Cunningham,322133001,adtjbegnlbhjuyanmozsa
1755,ljjgtkd@gmail.com,cuqieoias,Julie,Brown,629071643,uzmxxfqyywkticymlfbvwewsiknbxzeyygkgxusq
1756,wmalw@gmail.com,rivmsmwnhggafef,Olive,Diaz,385603866,nhdbzmihmqxbewrnwhctmgihafz
1757,kqsssay@gmail.com,rfdgamcyjnpzl,Ryan,Newby,774852042,kysjlxhkujjpeadaxumjpotnodwad
1758,qiuzpuyad@gmail.com,dgxkksbqiumx,Daniel,Lutz,464405498,zeqjinrdjascsfeyckfb
1759,mlqadbrf@gmail.com,vrjjqzczbhk,Amanda,Hawkins,366730240,ylggibxpgyrxfglmpakhn
1760,timwunxrft@gmail.com,tnabgkkgznspuzw,Peter,Alvarez,254180634,fmkoezpvyljgggpklfjj
1761,bnfgdayike@gmail.com,pgwlbsixhgotczug,William,Remy,500306239,azyrhaujutijtepyoavftxhntpkwqrygrcbs
1762,ayahcqu@gmail.com,vziuyqpfwkgmzt,Gail,Swedenburg,816483090,zwbaxhrjlpfmnsasysjouf
1763,dpaaad@gmail.com,jinognrbrnatpog,Catherine,Rayos,220406076,trxbgfvsvcqcozmkzdmwgaijgysct
1764,baoak@gmail.com,nzvfknvqkz,Ron,Mcgee,693118694,kgbuckivadqgckrgdeyxgyszimtfgrjhaol
1765,nzgksyvmt@gmail.com,vciycmgwvhgnk,Luz,Couture,553100914,eljmdgiyqomclbdwjjctdyccxcpepg
1766,aytzvirqdy@gmail.com,bupxhfnhcgk,Mark,Holtzclaw,813930630,msizresrsfuaqvzyiizcochpnxhs
1767,mdcbgekvh@gmail.com,easwfxhlqycsbru,Terrell,Upton,656075610,vjycfldqlltycmzxrdtraadtuqahsi
1768,alnfseukpv@gmail.com,esxjbxzjci,Patricia,Collins,673452537,irafwdcyilffkbniyhbefw
1769,acynnom@gmail.com,prghwamvsl,Lisa,Farber,234459503,gzjbdjohfpwkwroawlomenmgnx
1770,gtktmtgqw@gmail.com,xggnbahvhljlpyht,Silas,Floyd,305725827,ylmsqsvfzsuthvqilzoxpsjvvdsekqmtallams
1771,yavazhud@gmail.com,nzyuydijs,Nancy,Mercer,355557764,tkspfojbgoajhlxjbnrljhuvdmoy
1772,kkwuzq@gmail.com,sgodnbnwlbdypki,Vallie,Sutera,875087171,tocaponyifdkgnmlcljpoya
1773,rdbnyk@gmail.com,rtqqtjdmoocbwwe,Lauren,Cantu,168591752,pdfrqkfyfwnfuzhzidldiw
1774,nmudm@gmail.com,eqxzwxamvwhfgkj,Angela,Woodall,686637591,sejmqgnicuhscvxloxywwlmgxnhanwhy
1775,pxqpaadlty@gmail.com,tbzxhtcnnf,Francisco,Petri,442546753,xtjozlpwewdqcvxzqgbvq
1776,hynsux@gmail.com,oqxkideteimemys,Darrell,Cook,744610116,thuqyrwngjavslcheenckgnujk
1777,evixosic@gmail.com,txfwluafrru,Tommy,Dahms,331431089,cjtsjncycabtmvuoyuxmhegemmgj
1778,xzffywyys@gmail.com,ivtcrdvbwejpwz,Lisa,Isom,24597010,zfhkcjgfxudbmsdjjegouwvqmmrpoou
1779,tdirf@gmail.com,bprnlmdsgsqj,Edgar,Spracklen,11198239,shuxehoucmlpjdlyrnqhulkyurhyromk
1780,ncfjb@gmail.com,xuetslqtkqtsoy,Herbert,Childers,107555791,bkwomfqlzldsgswofiqcfjrygvo
1781,jfdvhyyty@gmail.com,lpimxjffedstp,Alfred,Downey,359511772,xkyprzoifspywisvaogobdpnbqj
1782,uysopoefi@gmail.com,ywkgodxxpdbv,Karl,White,185582393,mvkfzsfdvslglapzwzqhxjvqfkunr
1783,qpxdb@gmail.com,ccbpdkvkjomb,Carmine,Mayes,88672117,pprrjbaavdmrkexoiwukwxiraldxxbdsrauep
1784,xosrnvz@gmail.com,kxucbaqrw,John,Parkins,774782609,nvscvgruzfsfrugcuofuypgm
1785,cniabl@gmail.com,nqmdwvgbhympqn,Melinda,Christensen,756987488,wrmvsexgperhsvhbgkeovrpejrynldwgm
1786,qqxnss@gmail.com,dsskwpwmtzey,Betty,Knoedler,116227037,erkpmrhmnvwctqtwldlhseghoyfzsicyuu
1787,ktizqy@gmail.com,rczzpvciky,Maria,Steward,62398991,wjdktekdytmpoxydxudqzwilasac
1788,kqemrjvse@gmail.com,ylsifmhzba,Cara,Kinsey,546819896,kalxgdavmvumegemhvwvzqmjqmnqtftyuack
1789,kkzzr@gmail.com,kzduziytujngop,Jeff,Decker,465646737,rnftprnsjvfcagmbnynpanlhoq
1790,kukqgzsr@gmail.com,gjjdcxrxyhuhz,Jeanette,Bowman,972228851,ljyocrrjhimespiapiekmtwqhrggtyhiri
1791,hjtzq@gmail.com,cmqjcyvv,Monte,Owenby,862827545,ywvrsvnkbqesayfcteydjgznqywla
1792,adwfkyqr@gmail.com,hqouswpfca,Brenda,Smith,188120976,takbbtvjlqzsjckgcvdynctxxedqwbyz
1793,yaqovgah@gmail.com,ewgsajbqen,Rosemarie,Regan,517136717,yxycdcingvakwfwgrkhyjqlyz
1794,iznqs@gmail.com,culukyovtyeuqix,Charles,Farmer,704712789,rvwfmdedzortqvwdeheweoowlaxk
1795,nfirwo@gmail.com,ricixhakva,Michael,Walker,875843107,sjjrdamynjqdsjrkiuswxqxtx
1796,gahhkcqyr@gmail.com,mkmzwbmmklrao,Michael,Nicoletti,122267143,gugrrbwkokkpplkstndvtm
1797,npimg@gmail.com,yzbnzithtlyt,Lori,Lawrence,137835123,vubjmnjmdkbiyguxsaqw
1798,uusfre@gmail.com,pojwwgio,Allen,Mckeighan,776676153,qlecoihkcqyrlijftmokcisidqcy
1799,hgeabsw@gmail.com,uiaomlvohganljs,Richard,Howell,324802014,gcquvyxxpylfwvcrpukquoluab
1800,hrssk@gmail.com,jjlkwknrrzt,Edward,Gardiner,812800665,tydptndzayldikuznunad
1801,veulaiqdzn@gmail.com,jonavoprkdqsufr,Matthew,Cunningham,340508950,kdkgghodmbxulpoqyckizhowxib
1802,uxjvgduox@gmail.com,bxzlieglkerhi,Madeline,Smith,789136960,uksbibbrsbauuhpkzxgfnq
1803,sriedfyafo@gmail.com,uutsdnhkgunr,Russell,Weir,886257376,thdpchdowpirlegsgkhbmlggshsb
1804,loledtg@gmail.com,hlivolifeilqvvj,Ila,Hall,692813439,pupkqkvdemlfpysiuibli
1805,vyqcie@gmail.com,ereaiqaij,Donald,Graham,30247411,kxzxytqvqjuasycyynmwcjpdihifff
1806,rfwsgw@gmail.com,osdhubmcxzxbila,John,Peters,241130568,ajiaolmptzushqddwasajhtffubhutpm
1807,bzjpctvl@gmail.com,xywblhxibvf,Chelsea,Young,85895121,wkbuqdqvjopryiugggjsptoxjpnatshaawezhl
1808,bedjmhgpcw@gmail.com,fiyvzdbpmfrtrex,Danielle,Spence,523606994,ukwpmokikxirpdtowutcpvwsnwojsyasewd
1809,zlgxf@gmail.com,pwspwmsvrbofgnuy,Linda,Miller,199470981,guylvvnrqltcwhxiyqhdbxdaulrpjvw
1810,vpavzcxgu@gmail.com,ynmuciodrnf,Carolyn,Paul,465984885,lqfkklwkpvtolvounypoifftclbwfmodf
1811,oanebqdblt@gmail.com,ieeosqguoe,Rudy,Moore,369355915,bnenvrpdjsnsbfulgbiollgvdomdtfmhbihorse
1812,usomk@gmail.com,unwwybcmaprnmzt,Thomas,Maxwell,73264798,sbznlbsvwvedkcbgqabxgsntqvlzervvxinpzgis
1813,mjpkzoj@gmail.com,jurdmoxrcrafu,Veronika,Rosenfeld,335143562,kfvpghvujzwbmwuvzbzklejndkzxgp
1814,cjlcidjtxi@gmail.com,uzmskiumu,Jean,Chumley,535107171,pcynhcqqkcmbrxdknzbrvscpcdxnzrbda
1815,gqjwrlxlp@gmail.com,ldnevfimjq,Janet,French,895919316,wzshrmymwmilwspxlvxjxzzkwqaeaichxmkfplz
1816,dhmrpcl@gmail.com,konachtagkh,John,Tarzia,817488684,znddxibshgfeadrjwvrvothaptfxk
1817,pptinw@gmail.com,tpldmnmgbaqxooew,Pamela,Mercado,668321744,jhpbhluvthfckgbevadjesxmutqgutviivhim
1818,qlpytmrs@gmail.com,wjladwoctbxfny,Jose,Jenkins,122907021,opflelyqwtepwtdttzccdhchtwtiyldomrwhj
1819,wfmzyii@gmail.com,qjbfvoemb,Gerald,Cullins,51890711,wdnvudhahcrdndxfabqado
1820,hioshhwgy@gmail.com,yreutgkrtupp,Sandra,Bennett,508829293,cyszfdewlecgstezgzbesuwfpiozb
1821,bqajizvpzm@gmail.com,hwrtpbwd,Angela,Hilburn,122770143,iwbqpowesygmbgvxkkvvgyhjlroocodcmmbxb
1822,qzeyvzat@gmail.com,bsathrgahzdvtneg,Jonathan,Mccutcheon,735306999,lgcqcthkrlwcermfdyykhcpihpidjrgronoju
1823,xtgsmpqe@gmail.com,pddgtyuph,Barry,Headley,802000470,syrtxhrllroacrzyrrdrbjwdbmdbjrnh
1824,olljq@gmail.com,qajxdozbjuzuaqi,Kathy,Shannon,235291018,sydtdykhunzzpjkbptokltoyhpznxbeqm
1825,gicebrbrc@gmail.com,iqohwkhx,Mary,Donoho,452393942,nythjfjoqaddjgyxontqtckpjabudu
1826,yhkfecq@gmail.com,htcbxgdi,Jewel,Garrett,892679305,hhjsdxvlbfmmyayetqrntqttrosyx
1827,dsymdamlpo@gmail.com,vdsqlrjprhvug,Darlene,Oller,37398394,fgyawtcwhovifqzcipzzzsavcqhvdepqsys
1828,xnzpmkezuy@gmail.com,xgnzadmlfkwf,Gerry,Wiren,493831941,hgbkpulzufsynubiwdhcoovyarhvx
1829,rwqjbsg@gmail.com,tzbnvzpptogfmp,Gregory,Velarde,55505818,bjfriyhiyylrbwrnhzoitwtcygxvnzjhxfeihrq
1830,wvfefxrqqt@gmail.com,kefvnyskyudg,Thomas,Emberling,310828066,cgnuizugzbnlxhjxlbzorg
1831,unjhx@gmail.com,coaobptwfbbkxd,Linda,Osburn,115916348,povvwmhnlazxhcyggdxgpabypkgcmpc
1832,vgsrqqzlz@gmail.com,tpwbglfjug,Aurora,Jones,225454441,dflvuravyyocykxkprithwufm
1833,esgayfii@gmail.com,qlwsxvcmljmeynp,Helen,Holloway,904932776,tadreqpeukweoqnhztxqtpctbfg
1834,qaetuqxrgs@gmail.com,rhebsorgmbwln,Caroline,Clark,726659459,lwovxspckqeppspzcjslcxxsjqunfjfhonyoxz
1835,lnnrrhpmd@gmail.com,ngvjgowjjqzfrq,Samantha,Mccue,27484274,neulkfnlxivhbjmvpacweeessarruzv
1836,qblfwpogyf@gmail.com,uwtgsfhz,Henry,Foust,271503108,frcdgcdeywipjfnlwuxqpnapqcaz
1837,bulsl@gmail.com,tjiuiqowdvipum,Bob,Barbosa,281259894,amgjktohuvvcwaoorktzsnk
1838,egdnymd@gmail.com,zlgjkzlasxrsadz,Arthur,Barry,186970240,vzfpgizodvzwoktfggdfufekanqvvibtovosmv
1839,xoliemcwl@gmail.com,lwnlbvial,Robbie,Barfield,552310350,ubivcybdqrnztaufgdrgo
1840,lzrvnigsy@gmail.com,duwjgiruibnvpvx,Carrie,Weber,994871330,zucsidqrwuprhrwvogcawzknhkg
1841,bbjeqogz@gmail.com,ckmgdzizwkgtfy,Roy,Girard,59914628,mysbqnjuqkpoepnnwmujedqrolepkuuaquzt
1842,cmwez@gmail.com,lonsewtzgggb,Roger,Bailey,57540932,odnwstyxqxbufaynecntrionjla
1843,vwdcbcic@gmail.com,ofeqxgxu,Richard,French,426670452,jeqdmhtkweduafixjerrofq
1844,gvnherj@gmail.com,zoixqlppvdw,Robert,Dennard,888099545,wpwtdiamjrpwdetnentxpe
1845,bresda@gmail.com,pnextdodrtsryn,Mila,Ashalintubbi,622460575,lqedvwsgpnpdggizoovioardvohjvyk
1846,stgew@gmail.com,bxfdohhvnfkm,Dorothy,Yarnell,869870549,syqlukhynxkcegqiwxqxetchenxcylgxejlcn
1847,tntzi@gmail.com,vmjafewapeoa,Yvonne,Barela,948652362,adbdwsgaoivwibcjldfojzoivsrtcrlcernbth
1848,yjyzqg@gmail.com,lzccazwpdewnur,Alvin,Horning,834333654,naunhcspqkeuwblsucdlpuowab
1849,webkylusz@gmail.com,xywqymlezgzlabaf,Wanda,Ingram,556820728,vhycwioykgkcucwwkolcqfatelhsiqpeayr
1850,kjpjn@gmail.com,cdechogggtarqk,John,Sayre,118123719,zevrhvczpchbclsnruvgqolqjudyjltbv
1851,stpqy@gmail.com,onmrimfapgvuv,Floyd,Rivera,260951442,dhgslxfydyykhacfkhepwdqirghouxnk
1852,omfmtqn@gmail.com,qrsexnrqhfypt,Dorothy,Thomas,60870227,ifchkzurbccvnsafsdweatbw
1853,qgglljcy@gmail.com,phrljwbqxyslnp,Jennifer,Brown,762893327,tculevccwnwacniatwzbyawqgewoeolplkm
1854,bphtypscp@gmail.com,fofbhfltmabd,Joan,Yu,805726225,fbeiowdbtuymasxlbdtvomgjqp
1855,aranzd@gmail.com,nvuuqklxdbasd,Larry,Frank,486372543,cvuewkwtwdyifiqfsitqibrdmif
1856,ekgndv@gmail.com,hugeudqtphpcbw,Lupe,Hacher,922699319,ihltxupwwyqdlqhlpeidoxd
1857,nuudrq@gmail.com,xeyqfvqrqm,Helen,Jones,431536702,atkjjaqowadbyzywgcwfkgzjljrvnjfcfj
1858,zhgtn@gmail.com,pbtftzah,Helen,Siler,976001333,qnsczxyxisifygqbyytlklmbrsktdi
1859,xkmhuf@gmail.com,bbrvmluhddneivuf,Leon,Cruz,884928535,zfwpoippomdivmtewyatqiizyt
1860,xzborzhyh@gmail.com,bptdxcockoz,Brian,Mabie,51557550,yseyulnozuyxmjyxiihnakgzuaaintjbhuoemb
1861,zyqhhze@gmail.com,iynqxzyfoc,Terry,Marquez,240664070,bzacoifsewuvozdqsqxzlrbnbsmjppi
1862,nsdspfnla@gmail.com,qanlhrrsovicemp,Evelyn,Tallarico,301141514,qvdzcqxhclpmtgnczietdt
1863,dvmeskt@gmail.com,kyspucnnvudn,Floyd,Lyndon,302176471,hzvskfidcsnddcyxosbggykcnvbbla
1864,wjgih@gmail.com,chgadsygw,Jared,Madison,780449557,lqgnaxzzqatlellvvmiacurmjg
1865,ykcvnnfpa@gmail.com,yuqailmalf,Gail,Patton,646598926,pvjzjexsitnngqdmrdvqmdpltzowphawdkf
1866,qhzpmomdia@gmail.com,hxcvapvvfkb,Jenny,Barber,719925583,vaxchiodroirnbdzawnrgshjseonkx
1867,puyrzistp@gmail.com,byyjfaiky,Matthew,Silmon,173079769,envlovgzjzeusvlwzmfxi
1868,ypmwd@gmail.com,rmnqnggawpfoeszp,Susan,Isenberg,769453146,nmcwgyqkrnlxbpkdopliramoyaqewfadd
1869,izfvwpy@gmail.com,fzsepiadlhol,Timothy,Morin,684334098,cyklpstcqcykyunmwfyarergk
1870,hghcbaoksi@gmail.com,radqnvwcltkj,Jean,Kearney,604947923,zdkgxzfiwieqkxkzequhpchggm
1871,zzuif@gmail.com,ktxpaebvtvwmgwr,Robert,Thomas,206217792,qwryijifgkapmfikvueeyrkcnujrwkorodsqgxv
1872,wylecw@gmail.com,dvlsczvvv,Quincy,Mcnamara,119687758,iaztuioapyjdmcxqveqzcfu
1873,dmeei@gmail.com,lsnqcjix,Michael,Hayden,684033796,xciauajnqstvrcdusuajopsebugkxmse
1874,kogyjelli@gmail.com,yvjjbsrrjpc,Kenneth,Cser,523945939,mzphtlacdbknebdyhjaymgnkfzebqnekyqr
1875,eqofvulb@gmail.com,tvdylnfvj,Lynne,Belt,666137477,zltfhxzfeoxkiznjsrxprdvmbginwe
1876,lltbmpy@gmail.com,mjddqfdo,Michael,Brim,198000373,bbmntajqrxnturtxtekffjhpqnejhardqsklq
1877,reckylob@gmail.com,ubbxqzfdnkaft,Arthur,Mccarthy,932203021,uxhtmwfatrkqrpvqlykoboga
1878,osvvq@gmail.com,pkrihdmroprpz,Avis,Mahi,186273256,ihnsjauenabqwonohghllefi
1879,ucjfgn@gmail.com,fytmugzpdhdomejn,Robert,Dagostino,535456384,wwdsseonwjvsyzzrmsztqhgnireqhieqzxik
1880,ipbvxcyrh@gmail.com,sgdonddiatbviufy,Ralph,Roach,89522020,fpfetcjwmjbaziqdbsommqvnefnke
1881,emavhzc@gmail.com,wuotaucyayyyd,Celia,Greeson,474504405,bpbvviapqwpthdjtavdmzhtcwmrxtv
1882,krnaujuxd@gmail.com,lzpzoclkcwwqp,Shane,Owens,804245216,vqhzkvwpgvdfuftlkxzdrsbmui
1883,wfpjh@gmail.com,nnhpkemw,Maricela,Bentley,566272004,hvddyfgairnifhbglwnizppsucdtsv
1884,lkjri@gmail.com,qijblkdckgzlh,Wayne,Tompkins,179223074,jetkegdzzegcbxpwmqonubxuyfliztxenqze
1885,silifxcml@gmail.com,aclbtcdsrs,Thomas,Wallace,206203338,vzzbmnbsgljxbhxltdqgaguvcfkuxhktypdy
1886,sfqwls@gmail.com,hssanvgibcbb,Grady,Lonergan,680957982,hvzocpfwyyylrgwgrwfsujwgapvfyrouo
1887,yyafozov@gmail.com,eenycdhpj,Frank,Goins,541811474,xculywyjmgjegwuivqymreeclyube
1888,kwikiuep@gmail.com,rckvsnbvxn,Mark,Egbert,110367800,isyfucesktlycddvmfuodprbupsjrdrtloiz
1889,kphvk@gmail.com,fpsukqnzx,Kelly,Eaton,474378117,mtgebscpwlsugeetwngcql
1890,nvwlcdnv@gmail.com,bwueejmft,Ralph,Ross,834185404,nxcgqusdkdbbaahqimotacihnrkxtdbkpkifsfv
1891,nabax@gmail.com,ipgaeydj,Cedric,Fox,555232418,zmtbuqgrpctskmfdbbunkypbiofkjmkq
1892,vuhpwna@gmail.com,pqvycdsc,Raul,Keath,362649484,iuwfnjetlbwjugrasrfotmnn
1893,cwiogc@gmail.com,cmxbtyty,Barbara,Hunter,750714020,zmkhsfvnlbbfbobwvuukwlsanryrerfpcbvgbljq
1894,yjilfzhbo@gmail.com,alhxvbvkdssxqbu,Charles,Phillips,960286706,zrgexalrylszzewtcqvtgoo
1895,ymkvggegjd@gmail.com,ipeqghekacgha,Paul,Prince,776295079,fztkxrezaritbxbffktki
1896,auqmwu@gmail.com,zdhxktoasoonalom,Marvin,Ehmann,746232961,qeugijfdddzyjnowujmolaqrmqvysuqjwiqeaf
1897,xtkgrdu@gmail.com,cjxbdggccyupdjbh,Roy,Peraza,13612125,smlzeaxrgvxrciwkprhwiysethi
1898,ktfpzfb@gmail.com,mpgcylpeauifox,Charles,Baker,92842628,rhzpsckyoyofgzqktdgetpcm
1899,srzsez@gmail.com,dtpuouyxt,Douglas,Chandler,997353651,moxjgplkvkhxbmefprgtdrwfpoufgnxd
1900,wkzdg@gmail.com,kvxkwhqhlvwki,Ben,Kinnan,261964719,wdphrrzjwmitzlftdevoppzgitzbhs
1901,ukxwoyccb@gmail.com,lrwhbsehynp,Paul,Larkin,109029988,fvxgbdnbxrbkoyeyocvvveuffsonwausaqrobkk
1902,usbknmx@gmail.com,yifrgdxgsglup,Jarrod,Baumgardner,157489254,etusnwivuzlytisuojjnepuzxgntrkz
1903,ipyepb@gmail.com,ichfqtkppjpmyc,Michael,Gerwig,990586698,kvabtlfxopauqhlghhwdeyvcpohlmohlenbblsj
1904,mfuhozrp@gmail.com,dtmnbskdjfisr,Kenneth,King,186385998,beoebobtoahavoejrkwdssm
1905,jqrrxaarzv@gmail.com,hrjyxloarfdbda,Pamela,Whitehurst,34022092,vvneryykwxgnangoilvtqqlrp
1906,jddblown@gmail.com,ytpotbawmip,Angela,Harris,133195255,yhjqjeiktstnpspyybonyuusmlnnsegdejmzofq
1907,vjrsnuza@gmail.com,edoejdjz,Letha,Thomas,856215778,qobyuztytdtmpfbmaqcepoofbwumhguwmkghxotr
1908,metxdyzn@gmail.com,iigzgafolayjpff,Kenneth,Lewis,643490079,jfttcdfpthdspcetzhatxr
1909,mjngbtpjfc@gmail.com,jreaxxzktzgt,Keith,Loguidice,664157532,xqzpwhyidkvxljjmpoyzt
1910,orvvfjxpn@gmail.com,ltwzdrzxewe,Diann,Woody,618668181,wrngwjuodedhotzbleindthlsmajw
1911,gbhpkpbv@gmail.com,wfgbxfwnrqgx,Roland,Livermore,281463572,rjbqckmijjirehbosioykywewhxw
1912,vuwhk@gmail.com,hxunwkxjovlaa,Randy,Bower,456841037,hqppnmoxdkkbwxbvksnho
1913,clbwelhba@gmail.com,zytblrkanhbov,Margaret,Hudson,994906263,fzkziijchudxfdkofazctxbwxvemrui
1914,niupoeew@gmail.com,exeucusolsdtoek,Kimberly,Horton,971958408,mgghhmqgiswupruoqeejopviuutykec
1915,rwxeqg@gmail.com,adrmfwhxfhhbdhyw,Richard,Butler,339535810,mjricuhdwrwpkxzwcuhfaxhxhkll
1916,dazrmepl@gmail.com,vwybjvuwcanpcs,Hilda,Cooper,224360379,otvpvxvnprqonpvoqabhigho
1917,lqhhsyvwd@gmail.com,ptqqzholnnmav,Audrey,Naron,700691425,fjsbslaznegswkuowhorpimqhymtcacbe
1918,ucfusi@gmail.com,htaiuzyzooqhenol,Christopher,English,835137022,fwqyzsajnnfaifisbxsijparrdlaa
1919,xuouqnkqte@gmail.com,zrgwwayvk,Bobbie,Middaugh,238326746,cxkldclmgrlwclxeohuyxgpqx
1920,gwlvwmt@gmail.com,wndzqfmhqoi,Chad,Higby,535233791,kancogtxsxqusvxukkqklaildialmmqfozhhpfgr
1921,vgsfin@gmail.com,vnuneiwsvjiyp,Catherine,Sweeney,799431493,ehuvjhegokkkjoutjrxqzklgdvivkdxyo
1922,jofenucmfe@gmail.com,gusauvrbizkcxi,Jeff,Musial,173385424,vlajdeiqjqlinvjhbpnpvmewflhtzonpwosvk
1923,ohiey@gmail.com,nvekrpcin,Brenda,Martin,447558352,bnllygsuwaswijighrarzvvobgsclyalgkqeot
1924,hsqtcx@gmail.com,jhrnebsuot,Orville,Jones,296416057,vnirzpwqqsafmjlscxzyfqsjnxydzv
1925,qzxdi@gmail.com,smwesopwpqvaya,Ian,Ruth,504178524,zpyaojoqhigigrbpkgcbbhrgzribjfvln
1926,yxkmnv@gmail.com,frmfsuajo,Fredia,Gable,975063954,pcyvcddqjrwaatppjxjqocmixtyppmoisxzj
1927,dnsvx@gmail.com,wtxtpklzvafb,Eliseo,Ward,710315731,warximrshoefbbdjkswzxijbqne
1928,gslqclvem@gmail.com,uibnhupni,Robert,Jackson,421502383,dceyipqnispabxqzzwmwxngrfhhwlhej
1929,jgpzcw@gmail.com,sixfljdnzimd,Ignacio,Dunn,419951269,izsqccpqevauedparxoripnixrfpywax
1930,frzdiqo@gmail.com,uzsvbrzbkprondg,Brian,Martin,190691404,kpxfzygeufjnnikdxldxdfeckwnzyf
1931,utbltj@gmail.com,bgtxeeuvhqs,Margarita,Russell,72177498,akutizdkqtojdslhunctxqf
1932,qwizb@gmail.com,kmpveejwvk,Bradley,Villela,782554964,rialdkahiycafyghgkjbamoojrbwlg
1933,xbppenoj@gmail.com,wnsnetopps,Dorothy,Harris,293752254,gwnkwjseoduonwhtebreqrffeqtjtrqfxjxxpmec
1934,ocnfbt@gmail.com,ijpqfapv,George,Williams,911957107,womezhxtuqoyppofxnnpchbvza
1935,fzclyfmcte@gmail.com,tbudjfvteyhpi,Vivian,Rivera,387045793,vyucrhlszrttzpetytbvufuyjuwpj
1936,eawxivyh@gmail.com,zuptoqvcynzxgtw,Morris,Klos,964208043,yaqxjrunimnylbceivsrkgekugl
1937,ahpthniazg@gmail.com,gkgicydkz,Amy,Henry,166575207,oacbhkcebxovfoxwytyfzdkegfesunhyzvutkneb
1938,ymejo@gmail.com,oiwicoodtugdy,Larry,Mcbride,570014506,mebgyluxroproxczzlqnmvu
1939,focjgkwrpb@gmail.com,qmsmizaldpbsj,Garrett,Mccowin,288369592,otwyuatxkyphwduzoakgdkbu
1940,jcewjucf@gmail.com,zgxehiloz,Ruth,Helsel,743525005,hdhivlvzwkiurtymipnyl
1941,armizinqyb@gmail.com,wenmrenfonzblhx,Carson,Bates,915524395,dpmygrldojanenflfasigfelyhhmxg
1942,xezebcqkm@gmail.com,iotmvpffuqmq,Dennis,Bradley,790204537,vubuwhllqtytnytsswrxzoeubujjtkjvabjur
1943,nhilckssn@gmail.com,jugvfmvyamx,Robert,Reid,309204008,ygxnhrupdzofsukcwfwdpuu
1944,tjwgmivyo@gmail.com,hwclwilylp,Jason,Diaz,143365338,bommnemsnurotlqyjhhssrqrafpqlyytlibq
1945,uuuxeya@gmail.com,nlteffdhiyntp,Jacquelyn,Moore,975879166,mtekgllvgorbmhjrnnnbwmntoqeqdcbfhzb
1946,zcnpgg@gmail.com,iaquwqodakfuqh,Mary,Moore,141254199,yhljvdshfgvncgjyqoqidlpys
1947,jfdlqmo@gmail.com,uygthomlqrwfroi,Kenneth,Zimmerman,835229447,xapenwaieetzvgqcxprnygvztogdnxmeeers
1948,egjljjw@gmail.com,rdfhmhmedmxyxfge,Shirley,Gully,535192467,cqojavrkdczqjcwkzgfpnvvkemva
1949,fblpkmpcj@gmail.com,kzfqtzvvtgkwuhk,Latoya,Mcclure,729672924,xsmagbjdozfrydhwcdudrafkjn
1950,rblur@gmail.com,pndqzhpgpnqn,Cyril,Nichols,100410322,vcetamrefljwsytdyzcgbrlxrsg
1951,lwnfob@gmail.com,ymvaeofsrckwr,Ronald,Ramirez,40275399,icslpojmovdpeyixktqeddpjaqrkja
1952,satabykwud@gmail.com,xebqwrrenkfqrjkm,Barbara,Reed,878510820,vfknbbunzwotcxlcucnydxpbtvucemiovoj
1953,hxszhgwa@gmail.com,vspdpmtwsygy,Garland,Estrada,798312611,ouiyfljwxkioztctydnpqelipighax
1954,swuurde@gmail.com,mmgytxxaribt,Eric,Farver,608139154,dbemtqfwuzlgrrfjkanwrcsdivvauanhetnwjf
1955,rmwgikolx@gmail.com,qjhohgiu,Antonia,Johnson,158769090,taitfvwfrqfestaosnbz
1956,kvcqhef@gmail.com,xqfipyejsyu,Bianca,Stallings,145951260,abamvvzlnetnhdiqvenzoiancu
1957,rbrniwdi@gmail.com,rntzyoqqncde,Jesus,Schmidt,50819842,tkvpojvesswxafsczclwrtcadvazmuoq
1958,lhftcz@gmail.com,anarmoaforqtf,Eric,Skora,344765733,urxzyfefgrcbvzttjnihlbk
1959,rtxok@gmail.com,undhwvse,Marla,Parks,710195523,nozfcnisbmjwzygbmjusbrjyrnxpsbigcuyn
1960,iylcyr@gmail.com,agplfsoofdbzchq,Kenneth,Carter,748813447,lhobjyxojkvgprxbqxtiudleles
1961,olbpfzt@gmail.com,fsxvhatllxwi,Patricia,Feiner,713083479,ggdovbmtyrgcgiadfsfdlgisbduuiozknd
1962,mgevo@gmail.com,ohjzcmme,Mirian,Goetz,552480607,nvgxrstcjafdwbpaxpulyagmnhl
1963,hxfkhyhe@gmail.com,rpwxaumduuqoksht,Lloyd,Reese,568387557,upbsmjsuluqjkblkjtuouscrzarvshkouwnmdshg
1964,kpmbckmp@gmail.com,irguinjdayknagyf,Lillian,Thornton,151531102,zwhrbqpdfihqjrfbvqvdvwg
1965,rblhizd@gmail.com,ichrdcoe,Kevin,Castillo,299702432,pmyeqmvdooxhjkmxfqto
1966,ysfrrns@gmail.com,jsdhzuyvccnzunp,Nathan,Casteel,432483388,qldflirylnsnvwzmfcfx
1967,tzzag@gmail.com,tgikhezq,Elise,Dalton,394434572,fpfdxfkfcjtkzutjyooqbadhuwhbtzjspgltt
1968,pcwgdotmg@gmail.com,xjoyojqan,Shirley,Perry,486184506,juyoqbmqbuaaswegqfsorlufwfnfoxzz
1969,bltatvirlj@gmail.com,oigvvfdyqjtzrbq,Maria,Loh,624699281,ujailidsicteqyhidhqaoxfxmipj
1970,boscvgn@gmail.com,gvqvnlbgldkrg,Megan,Woods,229048814,hobtusvpuhkxejalzijphzmzqxhgncvjslsxipx
1971,ruolzrvhd@gmail.com,lunqpmrzuapwqvya,Nannie,Sherman,20257913,texztwjyhsdwgqhircxrrwareycqlteebipyi
1972,cailxnqu@gmail.com,sklgunvkzybxckv,Edward,Whittle,599560658,jqkmeungecspweuauuqnaeweyplklawsgihqmggo
1973,htngkh@gmail.com,evcacxbmjjhsg,Elsie,Arredondo,828230506,bfcuwrbhwntvpqvasivyqixrnjcugfkjkgbqdune
1974,rkvhtg@gmail.com,ovptuflyzp,Eric,Lamoureux,789614510,ixmirjzqtimegucdjwvyjlwtynl
1975,thvqfpss@gmail.com,kegwuevm,Vernon,Frascone,72853723,rhtefotbnhzjzfhoepnivshsau
1976,aoomm@gmail.com,asayyxepjich,Judy,Adams,49184846,fsiylclvdsrmdffecvdrqiqzblkk
1977,yfwouzrymg@gmail.com,tmxadlatisym,Lee,Adams,976889217,xveyygqdgnxdfxhzvkmtspplwq
1978,vcnhtpcdel@gmail.com,brjkrmwm,Sherry,Butler,711599474,xphsqxdteqexlituzverziezsdh
1979,izsizbbc@gmail.com,jxdpnktgke,Frank,Taylor,522015258,ccbosywkmknefmjddbdonnmuywslupaxfae
1980,fyybns@gmail.com,alqekdtfqv,Regina,Adams,156257654,qhvqjvunhifalhzemvudpohbkycrssmgyfsqw
1981,odgdj@gmail.com,gfjnattpovsz,Gerard,Strong,895439346,tfehkxtbtridhaqqqhsvpckwrgpv
1982,kmbsrpd@gmail.com,kdwdcwyy,Abigail,Montes,12383037,rbuaizwbvjgmiiapbooibplogxyofzrcbs
1983,okqjv@gmail.com,orjgtkqo,Keely,Widener,436989210,ymaxgpkvwzdgnpkobudfsqbwcjwwypwnzztjpfxo
1984,ilkqgs@gmail.com,sgqqmqojct,Michael,Vanhampler,80973630,edbgcmzcnypxgaynlfaxnyjyjyhatzncfwquvuih
1985,wkrxjdftib@gmail.com,arnobqjddvmop,James,Rodriguez,1291839,ctxzfdpxwrraslzniagsv
1986,nusbpa@gmail.com,dhcnbamndkrwltd,Gillian,Wilson,492939542,ayhvjexnbyfpvifavkmguhdv
1987,gxhccszxal@gmail.com,ihfeazabhzjdoj,Lorrie,Teal,723929590,cfifgurkqyfoeurdptjzkwhiypkxcwzslw
1988,pqsnxxhmqm@gmail.com,oydieukpuad,Luis,Munger,925412397,bsmobohhshnptmlrjjhlibqsf
1989,zsxnkjev@gmail.com,fogingssu,Latasha,Hopton,740821898,ezqvckbvajvsesbhbffibpvhnezroria
1990,uyewemk@gmail.com,ultlueof,Jack,Naranjo,222206726,axjggsiedxdgkgdumcwuhoycaqinzllxzqqllz
1991,btvcn@gmail.com,yterfvpq,Margarite,Gibson,312483385,mxkyjrkpcfurydttergnjhtzzejaytlmeekhltxj
1992,flpreuhg@gmail.com,ywtungugxkvrh,Joy,Steed,793407812,brvykgirficysafzuvtpdjbigzidtx
1993,crwsf@gmail.com,lzljruinpelcb,Dianne,Thomas,654028876,effsxamvpssfrhgvfonbdlqqmusogdkszbnei
1994,ywbhd@gmail.com,jyleebqqzrw,Eva,Serna,871064794,jxuxchoplvnhvhominltxjzxdv
1995,svnigufw@gmail.com,fhwscmwibfvr,Robert,Bailey,596728296,etbjfpgzggrxkjikbubjzuyqohtlrjnrygv
1996,dnvzlaj@gmail.com,lslbbxvgxgm,Christopher,Tobin,492659371,wigzmxfsytbawcualgbesj
1997,wggojpodm@gmail.com,dwvihczdpw,Joseph,Trotta,869190791,hvtfuxjwbkimncqpxpchxoidfxnjanps
1998,gdaydl@gmail.com,mlnlkxkbmcbwo,Valerie,Bibeau,933701365,pxxzkkrpbfjuinfzrerozh
1999,mqmtudhdwb@gmail.com,zlelxvjkvea,Judy,Nugent,987666776,rgeinmnhbyopusuhqdlsityjbridrfpkhqx
